order_id,date,time,order_type,branch_code,order_items,order_price,customer_lat,customer_lon,customerHasloyalty?,distance_to_customer_KM,delivery_fee
ORDJ11041,2018-06-20,13:34:38,Lunch,,"[('Steak', 9), ('Fries', 6), ('Burger', 10), ('Chicken', 7), ('Salad', 8)]",1148.6,-37.8008381,144.9724456,0,10.036,13.5328274
ORDI02055,2018-08-26,15:46:28,Lunch,NS,"[('Chicken', 2), ('Burger', 6), ('Steak', 1)]",295.0,-37.8130127,144.9389462,0,10.272,
ORDJ00269,2018-11-15,18:28:43,Dinner,TP,"[('Pasta', 5), ('Fish&Chips', 8), ('Shrimp', 2)]",525.5,-37.8075916,144.9453594,0,10.089,13.8054273
ORDX06001,2018-01-13,08:20:16,Breakfast,BK,"[('Coffee', 6), ('Pancake', 10), ('Cereal', 7)]",434.5,-37.8170173,144.9356863,1,10.195,9.2732742
ORDJ01922,2018-11-02,18:08:27,Dinner,TP,"[('Fish&Chips', 7), ('Shrimp', 1), ('Pasta', 3)]",381.5,-37.8104033,144.9990862,0,10.959,14.5364205
ORDZ03783,2018-03-12,10:11:49,Breakfast,NS,"[('Eggs', 5), ('Pancake', 1), ('Cereal', 3), ('Coffee', 5)]",234.75,-37.8225268,144.9834835,0,9.14,14.0084381
ORDA08108,2018-03-23,10:42:15,Breakfast,BK,"[('Eggs', 8), ('Cereal', 1), ('Pancake', 6)]",342.5,-37.8147867,144.9500749,0,9.904,14.8415833
ORDI03930,2018-03-12,10:11:49,Breakfast,NS,"[('Cereal', 7), ('Coffee', 10)]",222.0,-37.8180086,144.9459158,0,9.512,14.5386224
ORDJ06618,2018-07-06,14:05:04,Lunch,,"[('Salad', 3), ('Fries', 3), ('Chicken', 5), ('Burger', 6), ('Steak', 8)]",793.6,-37.8111528,144.9995624,0,10.972,13.892937
ORDC06943,2018-01-11,08:20:16,Breakfast,,"[('Eggs', 9), ('Coffee', 8), ('Cereal', 5), ('Pancake', 7)]",532.75,-37.8163755,144.9845817,1,,6.9234318
ORDA03925,2018-11-27,18:59:09,Dinner,,"[('Salmon', 9), ('Fish&Chips', 4), ('Shrimp', 10), ('Pasta', 5)]",1186.5,-37.8161671,144.9453805,0,9.274,16.3955209
ORDA07751,2018-12-26,19:49:51,Dinner,BK,"[('Shrimp', 10), ('Salmon', 4), ('Pasta', 6)]",869.0,-37.8049802,144.9482313,0,8.761,15.6944169
ORDI06626,2018-08-05,15:05:54,Lunch,,"[('Fries', 5), ('Burger', 2), ('Chicken', 4)]",250.0,-37.8030948,144.9494928,0,,15.5410288
ORDI00428,2018-04-26,11:43:05,Breakfast,NS,"[('Cereal', 3), ('Coffee', 6)]",108.0,-37.8190856,144.9528457,0,9.295,14.7343422
ORDC00641,2018-05-21,12:33:48,Lunch,NS,"[('Fries', 8), ('Steak', 1), ('Salad', 2)]",175.4,-37.8072698,144.9453335,0,9.059,14.7055977
ORDJ04047,2018-01-01,08:00:00,Breakfast,,"[('Eggs', 6), ('Pancake', 7)]",301.75,-37.8186039,144.9478502,1,9.087,6.3922456
ORDK09478,2018-10-23,17:48:10,Dinner,,"[('Shrimp', 2), ('Fish&Chips', 1), ('Salmon', 3)]",266.0,-37.8197221,144.97038,0,7.846,15.0249271
ORDC01123,2018-09-03,16:06:45,Dinner,NS,"[('Fish&Chips', 2), ('Shrimp', 4), ('Pasta', 4), ('Salmon', 9)]",765.0,-37.8115397,144.9720273,0,7.496,14.2283387
ORDZ09704,2018-08-01,14:55:46,Lunch,NS,"[('Chicken', 7), ('Fries', 9), ('Burger', 4)]",456.0,-37.805365,144.9735373,0,6.794,12.3977992
ORDK03575,2018-01-10,08:10:08,Breakfast,,"[('Eggs', 3), ('Pancake', 7), ('Coffee', 9), ('Cereal', 5)]",408.25,-37.8139544,144.9635887,1,,6.5486096
ORDJ06501,2018-02-27,09:51:32,Breakfast,TP,"[('Cereal', 8), ('Coffee', 4), ('Pancake', 6), ('Eggs', 1)]",365.5,-37.8063831,144.9323713,0,10.978,13.8337819
ORDX05965,2018-06-12,13:24:30,Lunch,BK,"[('Salad', 9), ('Chicken', 4), ('Fries', 7), ('Burger', 8), ('Steak', 7)]",929.8,-37.8164233,144.9447928,0,9.591,15.9221122
ORDK07307,2018-05-16,12:23:39,Lunch,BK,"[('Salad', 1), ('Burger', 5), ('Fries', 1)]",184.2,-37.7992931,145.0056747,0,4.928,10.8070699
ORDZ07711,2018-11-04,18:08:27,Dinner,NS,"[('Salmon', 8), ('Fish&Chips', 3), ('Pasta', 2), ('Shrimp', 7)]",866.0,-37.8187,144.9531457,0,9.223,17.0112087
ORDJ11089,2018-01-18,08:30:25,Breakfast,TP,"[('Pancake', 5), ('Eggs', 5), ('Cereal', 2), ('Coffee', 5)]",310.75,-37.8227216,144.9372467,1,9.811,6.4382921
ORDC05685,2018-02-12,09:21:07,Breakfast,NS,"[('Coffee', 7), ('Cereal', 1), ('Eggs', 4), ('Pancake', 5)]",282.75,-37.8139869,144.9716051,0,7.652,
ORDJ02669,2018-05-23,12:43:56,Lunch,TP,"[('Chicken', 1), ('Fries', 10)]",152.0,-37.8167718,145.0155095,0,12.911,15.7786138
ORDA10756,2018-06-03,13:04:13,Lunch,,"[('Salad', 4), ('Chicken', 7), ('Fries', 5), ('Steak', 7), ('Burger', 2)]",729.8,-37.8046629,144.9728903,0,,14.9545687
ORDZ09514,2018-01-19,08:30:25,Breakfast,,"[('Coffee', 9), ('Cereal', 6)]",193.5,-37.8143343,144.9390043,1,9.713,7.0793827
ORDJ05696,2018-09-10,16:16:54,Dinner,TP,"[('Salmon', 7), ('Shrimp', 5), ('Fish&Chips', 1), ('Pasta', 6)]",757.0,-37.8161995,144.9640906,0,7.781,12.1217269
ORDK07239,2018-04-22,11:32:57,Breakfast,BK,"[('Pancake', 3), ('Cereal', 2), ('Coffee', 3), ('Eggs', 2)]",181.25,-37.8190736,144.9520816,0,8.92,16.3877294
ORDZ05639,2018-01-09,08:10:08,Breakfast,,"[('Pancake', 4), ('Eggs', 4), ('Coffee', 10)]",260.0,-37.8223314,144.9475823,1,,7.4084134
ORDY02893,2018-06-26,13:44:47,Lunch,,"[('Steak', 4), ('Chicken', 6)]",372.0,-37.8257212,144.9845267,0,,12.3541658
ORDX10844,2018-12-05,19:09:17,Dinner,BK,"[('Fish&Chips', 7), ('Pasta', 6), ('Salmon', 3), ('Shrimp', 8)]",965.0,-37.8188378,144.9548896,0,8.622,15.6220043
ORDX09917,2018-12-19,19:39:43,Dinner,BK,"[('Fish&Chips', 3), ('Shrimp', 9)]",591.0,-37.8211946,144.9549192,0,8.61,15.4864605
ORDJ08072,2018-07-30,14:55:46,Lunch,TP,"[('Burger', 1), ('Steak', 5)]",256.0,-37.7993969,144.9676441,0,9.986,12.5030897
ORDI00571,2018-01-07,08:10:08,Breakfast,NS,"[('Pancake', 1), ('Coffee', 2)]",39.25,-37.8125271,144.9374701,1,10.138,8.182384
ORDA05514,2018-02-12,09:21:07,Breakfast,BK,"[('Eggs', 8), ('Cereal', 7), ('Coffee', 5), ('Pancake', 9)]",578.75,-37.8153303,144.9722396,0,7.0,11.8982356
ORDA04745,2018-02-22,09:41:24,Breakfast,,"[('Pancake', 7), ('Cereal', 1), ('Eggs', 10)]",410.75,-37.7974545,144.926022,0,11.236,16.3506959
ORDZ02258,2018-02-15,09:21:07,Breakfast,NS,"[('Eggs', 1), ('Coffee', 1), ('Cereal', 6), ('Pancake', 5)]",276.75,-37.8029263,144.988022,0,7.899,13.3792725
ORDK06077,2018-02-17,09:31:16,Breakfast,BK,"[('Coffee', 4), ('Eggs', 3), ('Pancake', 2), ('Cereal', 3)]",207.5,-37.8261851,144.9852008,0,7.312,14.7251314
ORDC03596,2018-05-21,12:33:48,Lunch,NS,"[('Burger', 6), ('Chicken', 7)]",410.0,-37.819481,144.9323996,0,10.894,16.0372381
ORDX01873,2018-08-29,15:56:37,Lunch,BK,"[('Chicken', 1), ('Fries', 6), ('Salad', 5), ('Burger', 1), ('Steak', 2)]",311.0,-37.8191293,144.9788533,0,7.291,12.6439193
ORDY09554,2018-09-21,16:47:19,Dinner,TP,"[('Salmon', 3), ('Shrimp', 10), ('Fish&Chips', 6), ('Pasta', 10)]",1148.0,-37.8200454,144.9583065,0,7.877,
ORDJ05660,2018-02-03,09:00:50,Breakfast,TP,"[('Coffee', 6), ('Cereal', 3)]",108.0,-37.8145238,144.9609395,0,8.386,12.8872963
ORDY09396,2018-08-04,15:05:54,Lunch,TP,"[('Chicken', 8), ('Fries', 10), ('Burger', 5), ('Salad', 10)]",703.0,-37.8205952,144.9635094,0,7.223,12.2397015
ORDX01892,2018-04-08,11:12:40,Breakfast,,"[('Cereal', 8), ('Pancake', 4), ('Eggs', 4), ('Coffee', 5)]",390.5,-37.8067851,144.9880745,0,,12.3902644
ORDJ01638,2018-01-04,08:00:00,Breakfast,TP,"[('Pancake', 4), ('Coffee', 7), ('Eggs', 5), ('Cereal', 4)]",343.5,-37.805023,144.9612698,1,12.057,7.0907258
ORDI08525,2018-11-29,18:59:09,Dinner,NS,"[('Shrimp', 6), ('Salmon', 2)]",406.0,-37.813268,144.9702721,0,7.604,13.9465248
ORDJ02597,2018-12-09,19:19:26,Dinner,,"[('Shrimp', 5), ('Salmon', 5), ('Fish&Chips', 9), ('Pasta', 8)]",1010.0,-37.8063815,144.937708,0,10.5,15.6521531
ORDZ01796,2018-07-11,14:15:12,Lunch,,"[('Steak', 2), ('Salad', 7), ('Fries', 8), ('Chicken', 6), ('Burger', 1)]",529.4,-37.8144638,145.007796,0,,15.4294103
ORDC04665,2018-07-19,14:35:29,Lunch,NS,"[('Steak', 1), ('Salad', 10), ('Burger', 1)]",248.0,-37.8223814,144.9681832,0,8.916,14.8769308
ORDA00948,2018-12-13,19:29:34,Dinner,BK,"[('Pasta', 10), ('Salmon', 9), ('Fish&Chips', 2)]",714.0,-37.8094834,144.9727249,0,6.69,13.8779171
ORDY04113,2018-06-27,13:44:47,Lunch,TP,"[('Fries', 7), ('Salad', 10), ('Chicken', 9), ('Steak', 4)]",724.0,-37.8232695,144.9783224,0,8.279,11.5792151
ORDK09794,2018-07-02,13:54:55,Lunch,BK,"[('Chicken', 10), ('Burger', 9), ('Salad', 7), ('Fries', 1), ('Steak', 6)]",1001.4,-37.808443,144.9550389,0,8.255,14.4054589
ORDK03864,2018-05-04,12:03:22,Lunch,,"[('Fries', 4), ('Steak', 9), ('Salad', 4), ('Burger', 8)]",769.8,-37.7999149,144.9363265,0,,18.2441975
ORDK08990,2018-12-24,19:49:51,Dinner,,"[('Pasta', 5), ('Shrimp', 4), ('Salmon', 4)]",517.5,-37.804508,144.9376613,0,,17.3212038
ORDY00265,2018-07-24,14:45:38,Lunch,,"[('Chicken', 2), ('Burger', 5)]",219.0,-37.799876,144.984555,0,10.73,13.8660967
ORDZ07291,2018-09-26,16:57:27,Dinner,NS,"[('Salmon', 9), ('Shrimp', 10)]",909.0,-37.8108463,144.9516429,0,8.611,13.8125614
ORDY05518,2018-11-10,18:18:35,Dinner,TP,"[('Salmon', 3), ('Pasta', 7)]",315.5,-37.8163214,144.9668469,0,7.866,13.8249127
ORDC04589,2018-01-25,08:40:33,Breakfast,NS,"[('Cereal', 7), ('Eggs', 5), ('Pancake', 1), ('Coffee', 9)]",348.75,-37.8120717,144.9451037,0,9.111,
ORDY08394,2018-09-19,16:37:10,Dinner,TP,"[('Salmon', 6), ('Pasta', 8), ('Shrimp', 9), ('Fish&Chips', 3)]",1057.0,-37.802329,144.9427414,0,10.484,14.5261844
ORDI01539,2018-12-10,19:19:26,Dinner,NS,"[('Pasta', 8), ('Fish&Chips', 2), ('Salmon', 8), ('Shrimp', 3)]",780.0,-37.8252974,144.9470526,0,10.257,16.3563587
ORDI05471,2018-07-09,14:15:12,Lunch,NS,"[('Burger', 7), ('Salad', 5), ('Steak', 5), ('Fries', 2)]",552.0,-37.8247896,144.982697,0,9.414,15.0450816
ORDA10154,2018-02-08,09:10:59,Breakfast,BK,"[('Coffee', 2), ('Pancake', 4)]",112.0,-37.8224318,144.9790292,0,7.052,12.0677972
ORDZ02144,2018-10-16,17:27:53,Dinner,NS,"[('Fish&Chips', 6), ('Pasta', 3)]",292.5,-37.8235824,144.9959857,0,10.182,16.5793289
ORDC02580,2018-10-21,17:38:01,Dinner,NS,"[('Salmon', 3), ('Fish&Chips', 8)]",403.0,-37.8028102,144.9664348,0,6.663,14.4912467
ORDC01745,2018-02-19,09:31:16,Breakfast,,"[('Coffee', 6), ('Eggs', 4)]",133.0,-37.8075733,144.9450948,0,,14.3085291
ORDZ08017,2018-02-22,09:41:24,Breakfast,NS,"[('Cereal', 9), ('Pancake', 9), ('Eggs', 1), ('Coffee', 6)]",474.25,-37.8076153,144.9703478,0,6.991,11.8981819
ORDI00296,2018-08-11,15:16:03,Lunch,,"[('Fries', 5), ('Steak', 3), ('Salad', 1)]",212.2,-37.8079706,144.9406458,0,10.104,17.677447
ORDK03250,2018-03-11,10:11:49,Breakfast,BK,"[('Eggs', 1), ('Pancake', 10)]",264.5,-37.802562,144.9637171,0,7.755,14.9612845
ORDC10769,2018-08-24,15:46:28,Lunch,NS,"[('Chicken', 8), ('Salad', 2), ('Burger', 7)]",507.4,-37.8153543,144.9355892,0,10.055,15.8348306
ORDI05172,2018-05-01,11:53:14,Breakfast,NS,"[('Eggs', 5), ('Pancake', 10), ('Coffee', 2), ('Cereal', 1)]",388.5,-37.8093528,144.9504044,0,8.729,13.6377055
ORDY10076,2018-09-25,16:47:19,Dinner,,"[('Salmon', 4), ('Pasta', 2), ('Shrimp', 5)]",489.0,-37.8034065,144.9665448,0,9.489,13.345636
ORDA05327,2018-01-08,08:10:08,Breakfast,BK,"[('Cereal', 4), ('Pancake', 1), ('Coffee', 7)]",160.75,-37.8170679,144.96366,1,7.812,6.0340577
ORDC04020,2018-09-23,16:47:19,Dinner,NS,"[('Salmon', 9), ('Shrimp', 7), ('Pasta', 9)]",994.5,-37.798872,144.9543817,0,7.588,15.9822593
ORDA09103,2018-09-08,16:16:54,Dinner,BK,"[('Pasta', 8), ('Salmon', 7)]",507.0,-37.8197601,144.9760725,0,7.428,16.8478109
ORDA05611,2018-09-02,16:06:45,Dinner,BK,"[('Salmon', 10), ('Shrimp', 3)]",572.0,-37.8105489,144.9358484,0,10.146,20.1121006
ORDB02018,2018-02-02,09:00:50,Breakfast,TP,"[('Pancake', 7), ('Cereal', 6), ('Coffee', 9), ('Eggs', 3)]",429.25,-37.8200292,145.0127233,0,11.729,13.2833822
ORDB08023,2018-12-24,19:49:51,Dinner,,"[('Fish&Chips', 7), ('Shrimp', 6), ('Salmon', 8)]",897.0,-37.8184561,145.005315,0,11.109,14.7222
ORDZ00140,2018-11-29,18:59:09,Dinner,NS,"[('Fish&Chips', 7), ('Shrimp', 9)]",731.0,-37.8171154,145.0059881,0,10.54,16.4029244
ORDB01386,2018-09-05,16:06:45,Dinner,TP,"[('Shrimp', 7), ('Pasta', 2)]",433.0,-37.8151752,144.927539,0,11.765,14.7561296
ORDX08569,2018-03-12,10:11:49,Breakfast,,"[('Pancake', 5), ('Coffee', 3), ('Cereal', 2), ('Eggs', 4)]",273.75,-37.8144826,144.9998993,0,,9.5947174
ORDC05780,2018-09-18,16:37:10,Dinner,NS,"[('Shrimp', 4), ('Pasta', 7), ('Salmon', 8)]",736.5,-37.805895,144.9559639,0,7.954,13.8083267
ORDA06415,2018-06-12,13:24:30,Lunch,,"[('Steak', 1), ('Chicken', 5), ('Burger', 3), ('Fries', 8), ('Salad', 7)]",514.4,-37.8237139,144.9971719,0,,11.648517
ORDX07545,2018-08-17,15:36:20,Lunch,BK,"[('Burger', 1), ('Steak', 9), ('Fries', 2), ('Salad', 5)]",546.0,-37.8173621,144.9658409,0,7.608,14.2080476
ORDB06110,2018-04-04,11:02:32,Breakfast,TP,"[('Eggs', 7), ('Coffee', 3), ('Cereal', 9), ('Pancake', 7)]",535.25,-37.8157826,144.9791621,0,8.813,11.4197138
ORDX07794,2018-09-27,16:57:27,Dinner,,"[('Shrimp', 6), ('Fish&Chips', 1), ('Salmon', 8)]",687.0,-37.7999953,145.0149822,0,5.475,12.239371
ORDK10734,2018-08-27,15:46:28,Lunch,BK,"[('Fries', 3), ('Chicken', 1), ('Salad', 9), ('Burger', 1)]",253.8,-37.8015961,144.9779199,0,6.867,12.5698325
ORDK02824,2018-10-30,17:58:18,Dinner,BK,"[('Salmon', 4), ('Shrimp', 6), ('Pasta', 4)]",598.0,-37.8082365,144.9421811,0,9.815,17.0519875
ORDI05184,2018-10-28,17:58:18,Dinner,,"[('Salmon', 2), ('Fish&Chips', 6), ('Shrimp', 2)]",400.0,-37.8095659,144.9474861,0,8.947,16.8213673
ORDZ09428,2018-07-19,14:35:29,Lunch,NS,"[('Salad', 6), ('Burger', 6), ('Steak', 4), ('Chicken', 1)]",501.2,-37.805726,144.9772199,0,7.122,12.4719665
ORDK06363,2018-01-22,08:40:33,Breakfast,BK,"[('Cereal', 8), ('Pancake', 8)]",362.0,-37.8009428,144.9527616,0,8.586,13.5145439
ORDY02001,2018-06-19,13:34:38,Lunch,TP,"[('Chicken', 6), ('Fries', 2), ('Steak', 2), ('Salad', 2)]",340.4,-37.8246087,145.0050343,0,10.836,13.5193541
ORDY05475,2018-08-07,15:16:03,Lunch,,"[('Steak', 5), ('Fries', 2)]",249.0,-37.812384,144.9539514,0,,12.119989
ORDY08865,2018-06-29,13:54:55,Lunch,TP,"[('Fries', 1), ('Salad', 10), ('Chicken', 6)]",376.0,-37.8045689,144.9312528,0,11.422,
ORDI05540,2018-07-17,14:25:21,Lunch,NS,"[('Fries', 8), ('Chicken', 3), ('Burger', 6), ('Salad', 8), ('Steak', 8)]",875.6,-37.8188687,144.9442427,0,9.867,15.3251936
ORDZ01423,2018-08-27,15:56:37,Lunch,NS,"[('Steak', 9), ('Salad', 8), ('Chicken', 5)]",702.6,-37.8145317,144.9711395,0,7.742,12.773037
ORDI10655,2018-04-19,11:32:57,Breakfast,,"[('Eggs', 1), ('Pancake', 2)]",70.5,-37.8140731,144.9675133,0,7.839,13.0513697
ORDB10264,2018-02-13,09:21:07,Breakfast,TP,"[('Pancake', 7), ('Eggs', 8), ('Cereal', 2)]",387.75,-37.8122235,144.9886834,0,9.855,12.2391602
ORDA00612,2018-09-12,16:27:02,Dinner,BK,"[('Salmon', 5), ('Shrimp', 8)]",637.0,-37.8074005,144.9424252,0,9.522,
ORDY08877,2018-10-14,17:27:53,Dinner,TP,"[('Salmon', 10), ('Fish&Chips', 3), ('Pasta', 6), ('Shrimp', 10)]",1220.0,-37.8235925,144.9680167,0,7.884,13.9401366
ORDI10679,2018-02-03,09:00:50,Breakfast,NS,"[('Cereal', 7), ('Eggs', 9), ('Pancake', 1)]",369.25,-37.8092876,144.9573348,0,7.927,15.0719513
ORDA04424,2018-05-24,12:43:56,Lunch,BK,"[('Fries', 3), ('Steak', 3), ('Chicken', 6), ('Salad', 1), ('Burger', 5)]",535.2,-37.8187211,144.9771057,0,7.103,13.3032443
ORDZ07419,2018-10-21,17:38:01,Dinner,NS,"[('Shrimp', 4), ('Fish&Chips', 1)]",251.0,-37.8195721,144.982696,0,9.043,16.8548412
ORDA08504,2018-06-29,13:54:55,Lunch,,"[('Steak', 7), ('Chicken', 2)]",379.0,-37.8044169,144.9295844,0,,17.0893959
ORDA06584,2018-06-23,13:44:47,Lunch,,"[('Chicken', 1), ('Salad', 5), ('Steak', 4)]",298.0,-37.8189476,144.972777,0,7.444,15.7381007
ORDK06646,2018-07-28,14:55:46,Lunch,,"[('Chicken', 4), ('Steak', 6), ('Burger', 2), ('Fries', 1)]",472.0,-37.8047344,144.9882562,0,5.824,13.9261528
ORDI00750,2018-08-17,15:36:20,Lunch,,"[('Fries', 4), ('Salad', 8), ('Burger', 8)]",433.6,-37.8173782,144.95609,0,,14.5303773
ORDY00916,2018-02-15,09:21:07,Breakfast,,"[('Eggs', 4), ('Pancake', 8), ('Coffee', 8)]",342.0,-37.811942,145.0039821,0,,12.8997295
ORDA03668,2018-12-08,19:19:26,Dinner,BK,"[('Salmon', 8), ('Pasta', 8), ('Shrimp', 3)]",710.0,-37.8195834,144.9518962,0,8.908,18.4324721
ORDZ00793,2018-07-21,14:35:29,Lunch,NS,"[('Steak', 6), ('Fries', 2), ('Burger', 3), ('Chicken', 10)]",707.0,-37.8010903,144.99511,0,8.612,
ORDZ03935,2018-09-03,16:06:45,Dinner,,"[('Shrimp', 9), ('Pasta', 3)]",568.5,-37.807837,144.9494312,0,8.638,14.7349611
ORDX00862,2018-05-23,12:43:56,Lunch,BK,"[('Chicken', 10), ('Burger', 3), ('Fries', 9), ('Steak', 2), ('Salad', 10)]",783.0,-37.8151172,144.9840884,0,6.014,11.2686371
ORDB02695,2018-04-26,11:43:05,Breakfast,TP,"[('Cereal', 5), ('Coffee', 8), ('Pancake', 6), ('Eggs', 10)]",530.5,-37.8182244,144.9652244,0,7.526,10.5471211
ORDK00633,2018-06-20,13:34:38,Lunch,BK,"[('Steak', 5), ('Burger', 6), ('Salad', 8)]",548.6,-37.8044436,144.9492177,0,8.818,14.704544
ORDB00879,2018-12-25,19:49:51,Dinner,,"[('Salmon', 8), ('Shrimp', 2), ('Pasta', 2), ('Fish&Chips', 5)]",666.0,-37.822118,144.9693669,0,7.833,12.0421477
ORDB08960,2018-05-25,12:43:56,Lunch,TP,"[('Chicken', 7), ('Fries', 4)]",272.0,-37.8252684,144.9505753,0,8.568,
ORDY08844,2018-07-07,14:15:12,Lunch,TP,"[('Chicken', 8), ('Steak', 3), ('Burger', 8), ('Fries', 4)]",687.0,-37.8083358,145.0117785,0,12.375,16.5289779
ORDJ00881,2018-02-12,09:21:07,Breakfast,,"[('Coffee', 9), ('Eggs', 10), ('Cereal', 10), ('Pancake', 7)]",667.25,-37.8145737,144.9718826,0,,10.6038672
ORDA10455,2018-05-27,12:43:56,Lunch,BK,"[('Chicken', 10), ('Fries', 5), ('Burger', 1)]",411.0,-37.8244443,145.0154211,0,4.945,13.0325982
ORDY08735,2018-02-04,09:00:50,Breakfast,,"[('Eggs', 1), ('Coffee', 1)]",29.5,-37.7995447,144.9274184,0,11.949,15.6980245
ORDX06230,2018-11-02,18:08:27,Dinner,BK,"[('Salmon', 10), ('Shrimp', 7), ('Pasta', 1)]",815.5,-37.8078577,144.9745664,0,6.415,13.0087029
ORDK03907,2018-07-04,14:05:04,Lunch,BK,"[('Steak', 9), ('Fries', 3)]",441.0,-37.8220192,144.9476192,0,9.317,
ORDK00180,2018-12-14,19:29:34,Dinner,BK,"[('Salmon', 7), ('Pasta', 4), ('Shrimp', 5)]",667.0,-37.8255456,144.9515297,0,9.303,16.3117162
ORDK05796,2018-06-27,13:54:55,Lunch,BK,"[('Steak', 2), ('Fries', 4)]",138.0,-37.8109175,145.0098691,0,3.318,9.2636161
ORDC00387,2018-09-24,16:47:19,Dinner,NS,"[('Salmon', 2), ('Shrimp', 4), ('Pasta', 3)]",380.5,-37.8019975,144.9638804,0,6.86,
ORDJ06712,2018-09-16,16:37:10,Dinner,TP,"[('Shrimp', 8), ('Fish&Chips', 1), ('Salmon', 10), ('Pasta', 1)]",904.5,-37.8141035,144.9736357,0,8.541,13.774616
ORDJ02579,2018-04-08,11:12:40,Breakfast,,"[('Coffee', 8), ('Eggs', 10), ('Pancake', 6)]",425.5,-37.809687,144.9636474,0,8.645,12.6529867
ORDA08922,2018-08-18,15:36:20,Lunch,BK,"[('Salad', 4), ('Fries', 8), ('Burger', 4), ('Steak', 7)]",603.8,-37.8121945,144.9705205,0,7.049,15.0451884
ORDJ01852,2018-11-07,18:18:35,Dinner,TP,"[('Pasta', 5), ('Fish&Chips', 6), ('Shrimp', 5), ('Salmon', 2)]",699.5,-37.8143062,144.9633537,0,7.996,12.3712506
ORDJ01056,2018-01-25,08:40:33,Breakfast,,"[('Cereal', 3), ('Coffee', 6), ('Pancake', 9), ('Eggs', 8)]",502.25,-37.8120293,144.945175,0,9.66,12.2300164
ORDK02151,2018-03-30,10:52:23,Breakfast,BK,"[('Cereal', 8), ('Coffee', 1), ('Pancake', 4), ('Eggs', 1)]",294.5,-37.80156,144.9573359,0,8.215,13.4200811
ORDI06089,2018-07-25,14:45:38,Lunch,NS,"[('Steak', 9), ('Fries', 9), ('Chicken', 9), ('Burger', 5), ('Salad', 9)]",1110.8,-37.8002341,144.9970068,0,8.697,14.3510126
ORDC02688,2018-03-13,10:21:58,Breakfast,NS,"[('Eggs', 3), ('Pancake', 2), ('Coffee', 9)]",182.0,-37.8136656,144.955769,0,8.4,
ORDA07521,2018-02-24,09:41:24,Breakfast,BK,"[('Cereal', 5), ('Coffee', 5), ('Pancake', 2), ('Eggs', 7)]",345.0,-37.8110304,144.9636572,0,7.532,14.6633372
ORDI02322,2018-08-10,15:16:03,Lunch,NS,"[('Salad', 2), ('Fries', 9)]",142.4,-37.8121236,144.9739868,0,7.626,12.8490002
ORDB04896,2018-05-02,12:03:22,Lunch,TP,"[('Chicken', 7), ('Steak', 5), ('Burger', 9), ('Fries', 1)]",740.0,-37.8113299,144.9667576,0,8.573,11.7480928
ORDC06316,2018-01-07,08:10:08,Breakfast,NS,"[('Coffee', 1), ('Eggs', 8), ('Cereal', 9)]",372.5,-37.814037,144.9719607,1,7.805,7.134105
ORDY08805,2018-09-12,16:27:02,Dinner,TP,"[('Pasta', 7), ('Salmon', 4), ('Shrimp', 5)]",626.5,-37.8215382,144.9671453,0,7.933,12.0361853
ORDX02050,2018-10-01,16:57:27,Dinner,BK,"[('Fish&Chips', 4), ('Salmon', 3)]",263.0,-37.8189238,144.9467475,0,9.37,
ORDY07961,2018-04-07,11:12:40,Breakfast,TP,"[('Cereal', 3), ('Pancake', 7), ('Coffee', 9), ('Eggs', 9)]",498.25,-37.816741,145.0088132,0,11.593,15.3901019
ORDY01622,2018-12-13,19:29:34,Dinner,TP,"[('Pasta', 6), ('Salmon', 7), ('Fish&Chips', 5), ('Shrimp', 4)]",843.0,-37.8234159,144.9879671,0,9.362,13.3062985
ORDY01541,2018-07-16,14:25:21,Lunch,TP,"[('Fries', 5), ('Burger', 9), ('Chicken', 2)]",403.0,-37.8002284,144.9848519,0,10.714,14.0852428
ORDC09700,2018-02-27,09:51:32,Breakfast,NS,"[('Coffee', 7), ('Eggs', 3), ('Cereal', 8)]",286.5,-37.8063974,144.9317947,0,10.242,14.8838626
ORDZ08475,2018-12-22,19:49:51,Dinner,NS,"[('Salmon', 10), ('Pasta', 9), ('Shrimp', 6), ('Fish&Chips', 4)]",1121.5,-37.8179872,144.9471523,0,9.535,17.7382531
ORDI04663,2018-06-08,13:14:21,Lunch,NS,"[('Fries', 4), ('Steak', 6), ('Chicken', 8)]",574.0,-37.8047977,144.9488389,0,8.51,13.9906652
ORDB02739,2018-11-25,18:49:00,Dinner,TP,"[('Salmon', 3), ('Pasta', 6), ('Fish&Chips', 2)]",358.0,-37.8087982,144.9830181,0,9.724,15.2873653
ORDJ02073,2018-07-03,14:05:04,Lunch,,"[('Chicken', 6), ('Steak', 4), ('Salad', 7), ('Fries', 6), ('Burger', 7)]",781.4,-37.8097564,144.9637961,0,,12.2625908
ORDJ07908,2018-02-27,09:51:32,Breakfast,TP,"[('Cereal', 8), ('Coffee', 9), ('Pancake', 3)]",308.25,-37.8106251,144.9781055,0,9.137,
ORDX08652,2018-03-16,10:21:58,Breakfast,BK,"[('Eggs', 10), ('Coffee', 9), ('Cereal', 4)]",371.5,-37.8178113,144.9643523,0,7.74,12.6250313
ORDA04831,2018-03-11,10:11:49,Breakfast,,"[('Coffee', 2), ('Pancake', 10)]",257.5,-37.8045246,144.9632753,0,7.574,15.6642637
ORDJ07331,2018-12-05,19:09:17,Dinner,TP,"[('Shrimp', 8), ('Fish&Chips', 5), ('Pasta', 5), ('Salmon', 3)]",867.5,-37.8207182,144.954738,0,8.231,12.5414817
ORDA05857,2018-03-01,09:51:32,Breakfast,,"[('Eggs', 3), ('Cereal', 9), ('Pancake', 9), ('Coffee', 8)]",533.25,-37.8231903,144.9378251,0,,15.5234771
ORDB09145,2018-04-12,11:22:49,Breakfast,,"[('Eggs', 1), ('Pancake', 5), ('Cereal', 1)]",164.25,-37.8007405,144.9439472,0,,12.5867262
ORDB07348,2018-03-04,10:01:41,Breakfast,TP,"[('Coffee', 5), ('Eggs', 4), ('Cereal', 2)]",167.5,-37.8011421,144.9682916,0,9.828,
ORDX10457,2018-01-20,08:30:25,Breakfast,BK,"[('Pancake', 7), ('Eggs', 7), ('Cereal', 7), ('Coffee', 9)]",538.25,-37.8063982,144.9590658,0,7.796,14.8224422
ORDX03844,2018-04-02,10:52:23,Breakfast,BK,"[('Eggs', 3), ('Pancake', 6), ('Cereal', 4), ('Coffee', 1)]",303.0,-37.8188878,144.9538868,0,8.737,13.5971395
ORDC01972,2018-06-27,13:44:47,Lunch,NS,"[('Chicken', 2), ('Burger', 10)]",374.0,-37.8189293,144.9735523,0,8.351,14.1950586
ORDX02133,2018-09-25,16:47:19,Dinner,BK,"[('Shrimp', 1), ('Pasta', 4), ('Fish&Chips', 4)]",304.0,-37.8034065,144.9665448,0,7.466,
ORDX06708,2018-08-23,15:46:28,Lunch,BK,"[('Steak', 3), ('Chicken', 9)]",423.0,-37.8018004,144.9635544,0,7.852,13.6938339
ORDA10948,2018-02-25,09:41:24,Breakfast,,"[('Cereal', 4), ('Coffee', 10), ('Pancake', 1)]",183.25,-37.8147548,144.9615148,0,7.891,15.4264866
ORDZ05728,2018-07-13,14:25:21,Lunch,NS,"[('Burger', 1), ('Salad', 5), ('Fries', 8), ('Chicken', 8), ('Steak', 6)]",739.0,-37.8164586,145.0041641,0,10.313,16.2836176
ORDK01160,2018-12-10,19:19:26,Dinner,,"[('Shrimp', 5), ('Fish&Chips', 8), ('Pasta', 4)]",660.0,-37.8028849,145.0029832,0,,12.1101138
ORDX08587,2018-10-31,17:58:18,Dinner,BK,"[('Pasta', 7), ('Fish&Chips', 1)]",227.5,-37.81549,144.9964523,0,4.841,11.7663321
ORDC09702,2018-08-25,15:46:28,Lunch,NS,"[('Fries', 2), ('Burger', 1), ('Chicken', 9)]",343.0,-37.8049363,144.9757789,0,6.977,14.5351295
ORDJ04330,2018-11-27,18:59:09,Dinner,,"[('Fish&Chips', 6), ('Shrimp', 7)]",588.0,-37.8233963,145.0105438,0,11.593,15.1513523
ORDC02171,2018-12-09,19:19:26,Dinner,NS,"[('Shrimp', 6), ('Fish&Chips', 7), ('Salmon', 8), ('Pasta', 3)]",979.5,-37.8019935,144.9746948,0,6.581,
ORDZ04104,2018-10-12,17:27:53,Dinner,NS,"[('Shrimp', 4), ('Salmon', 10)]",626.0,-37.8092418,144.9459876,0,8.985,14.8987612
ORDK10721,2018-09-20,16:37:10,Dinner,BK,"[('Salmon', 10), ('Fish&Chips', 5), ('Shrimp', 8)]",1017.0,-37.8198853,144.9650779,0,7.863,15.3319354
ORDB02217,2018-09-18,16:37:10,Dinner,TP,"[('Pasta', 6), ('Fish&Chips', 6), ('Shrimp', 6)]",699.0,-37.8152822,145.0029326,0,11.138,
ORDI05427,2018-02-14,09:21:07,Breakfast,NS,"[('Cereal', 1), ('Eggs', 4), ('Coffee', 5), ('Pancake', 8)]",340.5,-37.8267465,144.9745513,0,9.546,14.2119246
ORDJ00239,2018-11-08,18:18:35,Dinner,TP,"[('Pasta', 4), ('Fish&Chips', 6), ('Salmon', 9), ('Shrimp', 6)]",1013.0,-37.8161233,144.9647481,0,7.808,12.1727716
ORDK02801,2018-05-24,12:43:56,Lunch,BK,"[('Burger', 7), ('Salad', 3), ('Steak', 5), ('Chicken', 8)]",749.6,-37.8197986,144.9767395,0,7.247,
ORDB02504,2018-07-20,14:35:29,Lunch,TP,"[('Chicken', 10), ('Fries', 10), ('Salad', 6), ('Steak', 1)]",588.2,-37.8271646,145.0115154,0,11.241,14.7819
ORDK09355,2018-03-25,10:42:15,Breakfast,BK,"[('Coffee', 1), ('Pancake', 4), ('Cereal', 9), ('Eggs', 5)]",403.5,-37.80802,144.973733,0,6.537,14.1099659
ORDA01107,2018-02-25,09:41:24,Breakfast,BK,"[('Eggs', 8), ('Coffee', 10), ('Cereal', 4), ('Pancake', 3)]",407.75,-37.8094366,144.9727668,0,6.68,
ORDX08577,2018-12-28,20:00:00,Dinner,BK,"[('Shrimp', 6), ('Fish&Chips', 7), ('Salmon', 1)]",610.0,-37.812715,144.9681564,0,7.253,13.8768782
ORDI02672,2018-04-25,11:43:05,Breakfast,NS,"[('Coffee', 1), ('Pancake', 1), ('Eggs', 6), ('Cereal', 1)]",184.75,-37.8064367,144.9520099,0,8.34,13.6278956
ORDX09010,2018-04-10,11:12:40,Breakfast,BK,"[('Cereal', 2), ('Eggs', 10)]",262.0,-37.8193205,145.0022575,0,4.722,
ORDA03763,2018-08-03,15:05:54,Lunch,BK,"[('Burger', 9), ('Fries', 5), ('Steak', 7), ('Chicken', 4), ('Salad', 8)]",919.6,-37.8212482,144.9749511,0,7.549,13.6179571
ORDB04847,2018-10-17,17:38:01,Dinner,TP,"[('Salmon', 10), ('Shrimp', 9), ('Fish&Chips', 8)]",1176.0,-37.8022987,144.9522544,0,10.003,14.503649
ORDX06590,2018-02-09,09:10:59,Breakfast,,"[('Eggs', 2), ('Coffee', 2)]",59.0,-37.8118508,144.9674961,0,7.235,12.0301455
ORDK08124,2018-12-18,19:39:43,Dinner,BK,"[('Fish&Chips', 7), ('Salmon', 2), ('Pasta', 6)]",492.0,-37.8097732,144.9474216,0,9.043,
ORDZ09195,2018-10-05,17:07:36,Dinner,NS,"[('Pasta', 2), ('Shrimp', 7)]",433.0,-37.8234465,144.9785077,0,8.923,15.0084911
ORDZ01233,2018-01-31,08:50:42,Breakfast,NS,"[('Pancake', 7), ('Cereal', 8), ('Coffee', 1), ('Eggs', 9)]",543.25,-37.8246575,144.9583815,0,9.871,14.9853634
ORDB00168,2018-12-19,19:39:43,Dinner,,"[('Pasta', 2), ('Shrimp', 7), ('Fish&Chips', 3), ('Salmon', 6)]",784.0,-37.8138383,144.9348805,0,,14.4670744
ORDK01203,2018-04-18,11:32:57,Breakfast,BK,"[('Coffee', 5), ('Eggs', 5), ('Pancake', 10), ('Cereal', 6)]",516.0,-37.8108302,144.9758363,0,6.504,11.7330502
ORDB01529,2018-08-26,15:46:28,Lunch,TP,"[('Fries', 7), ('Chicken', 3), ('Burger', 7), ('Salad', 4), ('Steak', 5)]",690.8,-37.8140484,144.9379666,0,10.621,
ORDK10012,2018-07-06,14:05:04,Lunch,BK,"[('Salad', 8), ('Steak', 10), ('Chicken', 8), ('Burger', 5), ('Fries', 5)]",1058.6,-37.8058105,144.9882413,0,5.615,11.3372665
ORDY06083,2018-06-10,13:14:21,Lunch,TP,"[('Chicken', 1), ('Steak', 1), ('Salad', 2), ('Burger', 2)]",173.4,-37.8207735,144.985111,0,9.134,14.1262636
ORDA03385,2018-04-22,11:43:05,Breakfast,BK,"[('Cereal', 9), ('Eggs', 6), ('Coffee', 4), ('Pancake', 2)]",399.5,-37.818839,144.9531059,0,8.821,16.2353748
ORDB08867,2018-04-01,10:52:23,Breakfast,TP,"[('Cereal', 7), ('Coffee', 2), ('Eggs', 10)]",382.0,-37.8155682,144.9527158,0,8.766,13.1865841
ORDI09295,2018-05-04,12:03:22,Lunch,NS,"[('Salad', 8), ('Steak', 6), ('Chicken', 7), ('Fries', 7), ('Burger', 1)]",746.6,-37.8110334,144.9635955,0,7.762,
ORDY06072,2018-11-15,18:28:43,Dinner,TP,"[('Shrimp', 9), ('Pasta', 4), ('Salmon', 3)]",719.0,-37.8334823,144.9919732,0,9.985,
ORDC00561,2018-11-28,18:59:09,Dinner,NS,"[('Shrimp', 3), ('Salmon', 1), ('Fish&Chips', 7)]",448.0,-37.8199366,144.9687322,0,8.576,14.9498269
ORDI06790,2018-06-17,13:34:38,Lunch,,"[('Fries', 8), ('Burger', 6)]",282.0,-37.8106763,144.9260252,0,10.356,17.8605341
ORDY10099,2018-07-10,14:15:12,Lunch,TP,"[('Salad', 10), ('Chicken', 1), ('Fries', 2)]",228.0,-37.8246994,144.9848642,0,8.903,12.1970617
ORDB02828,2018-02-02,09:00:50,Breakfast,,"[('Coffee', 6), ('Eggs', 1), ('Pancake', 5), ('Cereal', 7)]",335.25,-37.8199352,145.0128552,0,11.742,14.3052469
ORDJ02244,2018-02-28,09:51:32,Breakfast,TP,"[('Eggs', 2), ('Coffee', 7), ('Cereal', 7), ('Pancake', 8)]",437.5,-37.8223443,144.998488,0,10.305,13.2265594
ORDC03186,2018-05-02,11:53:14,Breakfast,NS,"[('Eggs', 3), ('Coffee', 8)]",126.0,-37.8061273,144.958058,0,7.765,12.0771626
ORDZ06272,2018-07-24,14:45:38,Lunch,NS,"[('Chicken', 4), ('Fries', 9), ('Burger', 10), ('Steak', 10), ('Salad', 2)]",1030.4,-37.798913,145.0005299,0,9.112,14.749262
ORDB06399,2018-05-08,12:13:31,Lunch,TP,"[('Burger', 5), ('Fries', 3), ('Salad', 5), ('Steak', 8), ('Chicken', 10)]",957.0,-37.8051249,144.9614898,0,12.038,14.5954864
ORDA03543,2018-11-19,18:38:52,Dinner,BK,"[('Pasta', 3), ('Salmon', 8)]",410.5,-37.8140163,144.9360782,0,10.198,17.2733425
ORDK03811,2018-10-18,17:38:01,Dinner,BK,"[('Shrimp', 10), ('Pasta', 8), ('Fish&Chips', 5)]",935.0,-37.803578,144.9539284,0,8.334,15.3121956
ORDY04151,2018-11-05,18:08:27,Dinner,TP,"[('Shrimp', 8), ('Salmon', 6)]",678.0,-37.8174032,144.9703908,0,7.931,12.0776147
ORDZ09206,2018-12-21,19:39:43,Dinner,NS,"[('Pasta', 5), ('Fish&Chips', 7)]",382.5,-37.8054164,144.9615204,0,7.35,13.2293528
ORDX07756,2018-02-12,09:21:07,Breakfast,BK,"[('Cereal', 7), ('Eggs', 8), ('Coffee', 5), ('Pancake', 9)]",578.75,-37.8156509,144.9741108,0,6.838,11.3500163
ORDY03785,2018-07-14,14:25:21,Lunch,TP,"[('Burger', 7), ('Fries', 10), ('Steak', 4), ('Chicken', 5)]",677.0,-37.8176259,145.0056906,0,11.222,15.8226724
ORDK08010,2018-12-28,20:00:00,Dinner,BK,"[('Salmon', 6), ('Shrimp', 2)]",354.0,-37.8128141,144.9682021,0,7.256,14.8125567
ORDJ04586,2018-10-16,17:27:53,Dinner,TP,"[('Salmon', 9), ('Fish&Chips', 7), ('Pasta', 9)]",861.5,-37.8217803,144.9906286,0,9.587,13.9308583
ORDA06644,2018-05-05,12:03:22,Lunch,BK,"[('Salad', 5), ('Burger', 8), ('Steak', 8)]",694.0,-37.8048107,144.9281335,0,10.692,18.7687321
ORDJ06027,2018-05-24,12:43:56,Lunch,TP,"[('Burger', 3), ('Salad', 5), ('Steak', 7), ('Fries', 10), ('Chicken', 3)]",710.0,-37.8039799,144.9583706,0,9.253,12.731498
ORDX07628,2018-02-02,09:00:50,Breakfast,BK,"[('Pancake', 10), ('Eggs', 2), ('Coffee', 9), ('Cereal', 1)]",375.0,-37.8170355,144.9532513,0,8.66,13.7615545
ORDA03895,2018-06-02,13:04:13,Lunch,BK,"[('Steak', 2), ('Fries', 1), ('Chicken', 10), ('Burger', 3)]",515.0,-37.8182567,144.9648178,0,7.665,16.5837555
ORDY10110,2018-07-20,14:35:29,Lunch,,"[('Steak', 3), ('Fries', 9)]",243.0,-37.8221958,144.9539584,0,8.368,12.1557035
ORDA04143,2018-10-04,17:07:36,Dinner,BK,"[('Pasta', 8), ('Shrimp', 2)]",328.0,-37.8085801,144.9408138,0,9.911,16.6505056
ORDB03188,2018-01-01,08:00:00,Breakfast,TP,"[('Eggs', 2), ('Cereal', 6), ('Pancake', 10), ('Coffee', 2)]",427.5,-37.8203223,144.9675308,1,7.508,5.2499067
ORDY00672,2018-03-04,10:01:41,Breakfast,,"[('Coffee', 2), ('Eggs', 7), ('Pancake', 6)]",314.5,-37.8236483,144.940564,0,9.493,13.3683607
ORDJ02728,2018-03-18,10:32:06,Breakfast,,"[('Eggs', 3), ('Coffee', 10), ('Pancake', 7)]",310.75,-37.8071026,144.9507483,0,9.429,13.0522695
ORDJ02677,2018-02-08,09:10:59,Breakfast,TP,"[('Cereal', 10), ('Pancake', 7), ('Eggs', 8), ('Coffee', 2)]",570.75,-37.8021122,144.9607651,0,9.48,12.0598428
ORDX07316,2018-03-27,10:42:15,Breakfast,BK,"[('Coffee', 5), ('Cereal', 5)]",142.5,-37.8200469,144.9547662,0,8.633,13.4765579
ORDB05607,2018-07-02,14:05:04,Lunch,TP,"[('Salad', 8), ('Chicken', 6), ('Steak', 3), ('Burger', 2), ('Fries', 3)]",562.6,-37.8130728,144.9635301,0,8.171,11.8970158
ORDB04133,2018-02-24,09:41:24,Breakfast,TP,"[('Cereal', 6), ('Coffee', 10), ('Eggs', 8)]",377.0,-37.8237801,144.9687099,0,7.966,12.2543232
ORDI07193,2018-06-09,13:14:21,Lunch,NS,"[('Fries', 6), ('Steak', 10), ('Salad', 6), ('Burger', 9), ('Chicken', 3)]",1000.2,-37.8033633,145.0110624,0,10.02,17.322354
ORDZ00420,2018-10-08,17:17:44,Dinner,NS,"[('Shrimp', 1), ('Fish&Chips', 1), ('Salmon', 8)]",417.0,-37.8146754,144.9577519,0,8.405,14.3560567
ORDZ02910,2018-04-10,11:12:40,Breakfast,,"[('Coffee', 10), ('Eggs', 4), ('Cereal', 3)]",226.0,-37.8205606,144.9669005,0,,13.5354729
ORDI00998,2018-04-15,11:22:49,Breakfast,,"[('Cereal', 4), ('Coffee', 4), ('Pancake', 3), ('Eggs', 8)]",362.75,-37.81434,144.9546842,0,,15.2738421
ORDZ08432,2018-01-04,08:00:00,Breakfast,,"[('Eggs', 4), ('Pancake', 2)]",136.5,-37.8128777,144.9391917,1,9.711,7.3737955
ORDI07627,2018-05-06,12:03:22,Lunch,NS,"[('Salad', 4), ('Chicken', 4), ('Steak', 2), ('Burger', 1), ('Fries', 10)]",437.8,-37.8081247,144.9344576,0,10.069,17.7677443
ORDX00994,2018-09-01,15:56:37,Lunch,BK,"[('Chicken', 1), ('Fries', 5), ('Steak', 10), ('Burger', 10)]",852.0,-37.8166863,144.954276,0,8.57,16.919224
ORDZ00476,2018-11-14,18:28:43,Dinner,NS,"[('Pasta', 8), ('Shrimp', 1), ('Salmon', 7)]",561.0,-37.8196346,144.9849957,0,9.081,15.1437587
ORDI04250,2018-11-26,18:49:00,Dinner,NS,"[('Shrimp', 5), ('Fish&Chips', 5)]",445.0,-37.8231635,144.950924,0,9.856,16.19219
ORDB10377,2018-12-02,19:09:17,Dinner,,"[('Pasta', 8), ('Fish&Chips', 7)]",465.0,-37.8027121,144.9568579,0,,15.1530167
ORDC02035,2018-06-27,13:54:55,Lunch,NS,"[('Salad', 8), ('Chicken', 1), ('Burger', 8)]",417.6,-37.8126506,144.9519692,0,8.659,13.6971928
ORDI01401,2018-11-01,18:08:27,Dinner,NS,"[('Pasta', 6), ('Shrimp', 3), ('Salmon', 8)]",655.0,-37.8244289,144.9821881,0,9.434,
ORDA05269,2018-12-24,19:49:51,Dinner,BK,"[('Fish&Chips', 4), ('Pasta', 2)]",195.0,-37.8019112,144.9578642,0,8.147,
ORDA08376,2018-01-25,08:40:33,Breakfast,BK,"[('Pancake', 6), ('Cereal', 8), ('Eggs', 5)]",423.5,-37.809257,144.9607912,0,7.744,12.4791015
ORDX00477,2018-08-28,15:56:37,Lunch,BK,"[('Chicken', 9), ('Steak', 3), ('Fries', 5), ('Salad', 2)]",517.4,-37.8142364,144.963148,0,7.729,
ORDC04713,2018-02-03,09:00:50,Breakfast,NS,"[('Eggs', 1), ('Pancake', 9)]",240.25,-37.8171697,144.9532725,0,8.972,15.589696
ORDY00558,2018-12-09,19:19:26,Dinner,TP,"[('Pasta', 5), ('Shrimp', 9), ('Salmon', 6), ('Fish&Chips', 2)]",939.5,-37.8102615,144.9340606,0,10.758,
ORDY06639,2018-05-11,12:13:31,Lunch,TP,"[('Burger', 8), ('Chicken', 2)]",312.0,-37.7970508,144.9931629,0,11.636,15.0761437
ORDC07835,2018-08-07,15:16:03,Lunch,NS,"[('Salad', 8), ('Steak', 4), ('Burger', 9), ('Chicken', 5)]",756.6,-37.8092574,144.9721461,0,7.177,12.6702227
ORDY06906,2018-12-04,19:09:17,Dinner,TP,"[('Pasta', 1), ('Salmon', 3), ('Fish&Chips', 10), ('Shrimp', 3)]",662.5,-37.8056237,144.9331705,0,11.125,15.0375222
ORDA10414,2018-04-24,11:43:05,Breakfast,BK,"[('Cereal', 5), ('Pancake', 7), ('Coffee', 10), ('Eggs', 4)]",437.75,-37.819175,144.9531627,0,8.821,13.6562085
ORDC00161,2018-08-28,15:56:37,Lunch,NS,"[('Chicken', 8), ('Fries', 6), ('Steak', 4), ('Burger', 10)]",818.0,-37.8186886,144.9781063,0,9.457,14.8595039
ORDZ10457,2018-02-27,09:51:32,Breakfast,NS,"[('Pancake', 7), ('Coffee', 6), ('Cereal', 3), ('Eggs', 6)]",409.75,-37.8153783,144.9773321,0,8.08,13.2014164
ORDJ07534,2018-08-24,15:46:28,Lunch,TP,"[('Salad', 6), ('Chicken', 9), ('Burger', 4), ('Fries', 1)]",527.2,-37.805124,144.9370784,0,10.719,13.5348495
ORDY10746,2018-12-18,19:39:43,Dinner,TP,"[('Pasta', 2), ('Shrimp', 6), ('Fish&Chips', 10)]",729.0,-37.8090248,144.9469103,0,9.766,13.4122896
ORDZ02193,2018-05-01,11:53:14,Breakfast,NS,"[('Cereal', 8), ('Eggs', 4), ('Pancake', 2)]",304.5,-37.8138332,144.948019,0,10.115,14.9961612
ORDB05105,2018-10-24,17:48:10,Dinner,,"[('Shrimp', 2), ('Salmon', 3), ('Pasta', 3)]",313.5,-37.8224097,144.9479011,0,,12.6671918
ORDX05880,2018-10-22,17:48:10,Dinner,BK,"[('Fish&Chips', 3), ('Salmon', 8), ('Shrimp', 6)]",757.0,-37.8199186,144.9824704,0,6.578,12.3943557
ORDX01283,2018-06-22,13:44:47,Lunch,BK,"[('Steak', 2), ('Burger', 7), ('Chicken', 8)]",563.0,-37.8071263,144.9915639,0,5.193,11.387993
ORDZ02349,2018-09-07,16:16:54,Dinner,NS,"[('Pasta', 8), ('Fish&Chips', 9), ('Shrimp', 8)]",967.0,-37.8205622,144.9767228,0,8.896,15.0281093
ORDJ02233,2018-01-26,08:50:42,Breakfast,TP,"[('Pancake', 10), ('Coffee', 10), ('Eggs', 7)]",471.5,-37.8248453,144.98898,0,9.253,12.7437753
ORDJ01820,2018-08-02,15:05:54,Lunch,TP,"[('Chicken', 6), ('Fries', 10), ('Burger', 5)]",467.0,-37.8230461,144.9780827,0,8.268,11.3952548
ORDC08013,2018-04-04,11:02:32,Breakfast,NS,"[('Eggs', 6), ('Coffee', 2)]",147.0,-37.8131542,144.9477855,0,9.991,15.3388114
ORDX07080,2018-07-14,14:25:21,Lunch,BK,"[('Salad', 1), ('Steak', 1), ('Chicken', 5)]",222.2,-37.8165434,145.0057526,0,4.131,12.2108743
ORDA07822,2018-05-02,12:03:22,Lunch,BK,"[('Fries', 6), ('Salad', 6)]",175.2,-37.811723,144.9652556,0,7.418,13.4734041
ORDJ01042,2018-10-18,17:38:01,Dinner,,"[('Fish&Chips', 6), ('Pasta', 6)]",375.0,-37.813207,144.9774926,0,,13.4726019
ORDA08256,2018-04-11,11:12:40,Breakfast,BK,"[('Cereal', 10), ('Pancake', 2), ('Coffee', 7)]",311.0,-37.8082401,144.9632852,0,7.53,12.5846712
ORDY08796,2018-10-20,17:38:01,Dinner,,"[('Fish&Chips', 4), ('Salmon', 8), ('Pasta', 6)]",633.0,-37.8202417,144.9687,0,,13.7314068
ORDJ04323,2018-12-03,19:09:17,Dinner,TP,"[('Shrimp', 7), ('Fish&Chips', 2), ('Salmon', 4), ('Pasta', 8)]",832.0,-37.8128293,145.0150085,0,12.63,16.3414269
ORDC06439,2018-03-18,10:32:06,Breakfast,NS,"[('Cereal', 9), ('Coffee', 6), ('Pancake', 2), ('Eggs', 3)]",348.5,-37.8134111,144.9738114,0,7.673,14.1624545
ORDJ04061,2018-08-06,15:05:54,Lunch,,"[('Salad', 5), ('Burger', 5), ('Fries', 8), ('Steak', 3)]",472.0,-37.8119739,144.986043,0,9.613,12.7249942
ORDZ01802,2018-12-21,19:39:43,Dinner,NS,"[('Shrimp', 3), ('Pasta', 9)]",409.5,-37.8054164,144.9615204,0,7.35,
ORDZ08428,2018-05-31,12:54:05,Lunch,NS,"[('Chicken', 2), ('Salad', 10), ('Steak', 7)]",551.0,-37.8223004,144.9557533,0,9.502,
ORDJ04823,2018-02-20,09:31:16,Breakfast,,"[('Coffee', 2), ('Eggs', 4), ('Cereal', 4), ('Pancake', 5)]",308.25,-37.8050371,144.9287516,0,11.307,13.8729004
ORDC11022,2018-05-11,12:13:31,Lunch,NS,"[('Fries', 2), ('Steak', 6), ('Chicken', 1), ('Salad', 9)]",480.8,-37.8168807,144.9615079,0,8.507,13.952746
ORDY07490,2018-04-09,11:12:40,Breakfast,TP,"[('Coffee', 2), ('Eggs', 8)]",191.0,-37.8114087,144.9749462,0,8.854,11.8912413
ORDX07759,2018-05-13,12:23:39,Lunch,BK,"[('Salad', 3), ('Burger', 5), ('Steak', 7)]",521.6,-37.8067646,144.9644611,0,7.308,
ORDK08023,2018-12-07,19:19:26,Dinner,BK,"[('Shrimp', 3), ('Salmon', 3), ('Fish&Chips', 10), ('Pasta', 3)]",717.5,-37.810443,145.0108838,0,3.827,10.2011933
ORDK07628,2018-05-28,12:54:05,Lunch,,"[('Burger', 6), ('Salad', 6)]",289.2,-37.79305,144.97572,0,8.149,14.0306493
ORDI04310,2018-01-04,08:00:00,Breakfast,NS,"[('Coffee', 8), ('Pancake', 5), ('Cereal', 9), ('Eggs', 3)]",436.25,-37.812841,144.939496,1,9.97,7.4456272
ORDA07579,2018-06-09,13:14:21,Lunch,BK,"[('Burger', 1), ('Chicken', 7), ('Fries', 7), ('Salad', 7), ('Steak', 5)]",684.4,-37.8217211,144.9865224,0,6.248,15.2341209
ORDC07154,2018-01-25,08:40:33,Breakfast,NS,"[('Eggs', 5), ('Pancake', 10), ('Cereal', 3)]",415.5,-37.8112627,144.9618758,0,7.725,12.4093491
ORDZ00411,2018-02-06,09:10:59,Breakfast,,"[('Eggs', 5), ('Cereal', 3), ('Pancake', 6), ('Coffee', 6)]",363.5,-37.8185187,144.9653177,0,,13.4427799
ORDB09924,2018-05-04,12:03:22,Lunch,TP,"[('Fries', 3), ('Chicken', 10), ('Steak', 3)]",491.0,-37.8076225,144.9489486,0,9.636,13.3342571
ORDA08619,2018-08-18,15:36:20,Lunch,BK,"[('Salad', 5), ('Chicken', 8)]",342.0,-37.8121281,144.9707476,0,7.026,15.6629665
ORDC08596,2018-12-14,19:29:34,Dinner,NS,"[('Shrimp', 1), ('Fish&Chips', 10)]",404.0,-37.8002432,144.9623784,0,6.834,12.8688986
ORDC05139,2018-07-21,14:35:29,Lunch,,"[('Fries', 8), ('Salad', 8), ('Burger', 6)]",419.6,-37.8121677,144.974434,0,7.659,14.7353681
ORDX01194,2018-12-18,19:39:43,Dinner,BK,"[('Shrimp', 3), ('Pasta', 5)]",299.5,-37.8083395,144.9490344,0,8.855,15.6895594
ORDB08242,2018-03-08,10:11:49,Breakfast,TP,"[('Coffee', 1), ('Pancake', 6)]",153.0,-37.8189979,144.9847087,0,9.196,11.4243451
ORDC10217,2018-03-18,10:32:06,Breakfast,NS,"[('Eggs', 7), ('Coffee', 8), ('Cereal', 2)]",256.0,-37.8232251,144.9862043,0,9.239,15.9942403
ORDX10485,2018-08-14,15:26:11,Lunch,,"[('Salad', 10), ('Chicken', 8), ('Burger', 5), ('Steak', 6), ('Fries', 5)]",913.0,-37.824069,144.9643534,0,8.393,14.6335444
ORDC02448,2018-08-06,15:05:54,Lunch,NS,"[('Chicken', 10), ('Salad', 4), ('Steak', 10)]",838.8,-37.8117833,144.967729,0,7.507,12.6487559
ORDA09480,2018-04-14,11:22:49,Breakfast,BK,"[('Pancake', 8), ('Eggs', 9)]",392.0,-37.8111449,144.9784763,0,6.197,13.8047632
ORDI08541,2018-07-13,14:25:21,Lunch,NS,"[('Fries', 8), ('Steak', 5)]",321.0,-37.8005431,144.9587703,0,7.193,12.5657912
ORDY05738,2018-08-07,15:16:03,Lunch,TP,"[('Burger', 6), ('Fries', 6), ('Salad', 3)]",309.6,-37.8095974,144.9535538,0,9.039,12.3684484
ORDK03812,2018-11-25,18:49:00,Dinner,,"[('Shrimp', 2), ('Fish&Chips', 1)]",143.0,-37.8204811,144.9818467,0,,15.7758757
ORDI09631,2018-06-24,13:44:47,Lunch,NS,"[('Chicken', 3), ('Steak', 7)]",411.0,-37.8248451,144.9828261,0,9.452,
ORDX00729,2018-04-07,11:02:32,Breakfast,BK,"[('Eggs', 4), ('Cereal', 8), ('Pancake', 6), ('Coffee', 2)]",416.5,-37.8112736,144.9729621,0,6.793,14.6211688
ORDZ03027,2018-08-24,15:46:28,Lunch,NS,"[('Fries', 7), ('Salad', 3), ('Chicken', 3), ('Burger', 9), ('Steak', 3)]",645.6,-37.8078228,144.9403541,0,10.135,15.9520197
ORDX09245,2018-08-04,15:05:54,Lunch,BK,"[('Salad', 6), ('Steak', 8), ('Fries', 10)]",583.2,-37.8033113,144.9497913,0,8.811,
ORDY05972,2018-11-08,18:18:35,Dinner,TP,"[('Fish&Chips', 5), ('Salmon', 9), ('Pasta', 8), ('Shrimp', 7)]",1142.0,-37.8171151,144.9700939,0,7.958,12.1606663
ORDA04279,2018-01-09,08:10:08,Breakfast,BK,"[('Eggs', 3), ('Pancake', 5), ('Coffee', 5)]",224.75,-37.8058169,144.9812881,1,6.129,5.9568344
ORDZ07464,2018-05-29,12:54:05,Lunch,,"[('Steak', 10), ('Salad', 2)]",484.4,-37.8083228,144.9554396,0,8.126,14.0028654
ORDZ03761,2018-01-22,08:40:33,Breakfast,NS,"[('Cereal', 4), ('Pancake', 10), ('Coffee', 10), ('Eggs', 10)]",621.5,-37.8000068,144.9749506,0,6.573,11.6221273
ORDZ05224,2018-08-02,15:05:54,Lunch,NS,"[('Salad', 5), ('Chicken', 6), ('Steak', 10), ('Fries', 3), ('Burger', 5)]",919.0,-37.8299848,144.9714001,0,9.735,15.2668001
ORDY02782,2018-10-20,17:38:01,Dinner,TP,"[('Salmon', 10), ('Shrimp', 8)]",842.0,-37.8232265,144.9700411,0,7.976,14.0620725
ORDC04664,2018-11-28,18:59:09,Dinner,NS,"[('Salmon', 8), ('Pasta', 5), ('Fish&Chips', 6), ('Shrimp', 10)]",1215.5,-37.8166437,144.9763068,0,8.297,14.251903
ORDI04375,2018-03-09,10:11:49,Breakfast,,"[('Cereal', 4), ('Coffee', 3), ('Pancake', 8)]",300.5,-37.8002879,144.9367364,0,,15.4078846
ORDA05022,2018-09-09,16:16:54,Dinner,BK,"[('Pasta', 9), ('Salmon', 8), ('Shrimp', 5)]",845.5,-37.823322,144.9938042,0,5.831,14.8596055
ORDX10429,2018-03-28,10:52:23,Breakfast,BK,"[('Eggs', 8), ('Pancake', 4), ('Coffee', 8), ('Cereal', 2)]",375.0,-37.8128617,144.964225,0,7.642,12.1177269
ORDJ03539,2018-12-18,19:39:43,Dinner,TP,"[('Salmon', 8), ('Shrimp', 10), ('Fish&Chips', 7), ('Pasta', 5)]",1250.5,-37.8083395,144.9490344,0,9.614,13.792193
ORDC03281,2018-05-23,12:43:56,Lunch,NS,"[('Salad', 7), ('Burger', 6), ('Chicken', 8), ('Steak', 9)]",967.4,-37.8134137,144.9894306,0,8.887,14.2769556
ORDY05613,2018-12-13,19:29:34,Dinner,,"[('Shrimp', 4), ('Fish&Chips', 8)]",496.0,-37.8180835,144.9293015,0,,14.686141
ORDK03723,2018-08-08,15:16:03,Lunch,BK,"[('Chicken', 7), ('Steak', 9), ('Burger', 10), ('Salad', 9)]",1093.8,-37.8046783,144.9646984,0,7.446,
ORDY08694,2018-09-26,16:57:27,Dinner,TP,"[('Shrimp', 5), ('Salmon', 10), ('Fish&Chips', 1), ('Pasta', 2)]",770.0,-37.8230351,144.9787009,0,8.326,12.9625611
ORDZ03747,2018-04-05,11:02:32,Breakfast,NS,"[('Cereal', 10), ('Eggs', 7), ('Coffee', 8), ('Pancake', 5)]",545.25,-37.8182266,144.9651144,0,8.513,13.5935347
ORDZ08450,2018-01-28,08:50:42,Breakfast,NS,"[('Coffee', 1), ('Cereal', 7), ('Pancake', 9)]",372.75,-37.8180337,144.9578718,0,8.847,15.4085168
ORDA06418,2018-09-19,16:37:10,Dinner,BK,"[('Shrimp', 5), ('Salmon', 5), ('Pasta', 8), ('Fish&Chips', 4)]",835.0,-37.8074388,144.978113,0,6.186,12.6692559
ORDY04711,2018-07-13,14:25:21,Lunch,TP,"[('Chicken', 8), ('Fries', 9), ('Burger', 1), ('Steak', 9), ('Salad', 6)]",903.2,-37.8165173,145.0056336,0,11.288,14.0339293
ORDA06499,2018-07-26,14:45:38,Lunch,,"[('Chicken', 5), ('Burger', 7), ('Fries', 8)]",473.0,-37.8062355,144.9335839,0,,16.5052896
ORDX02611,2018-08-21,15:36:20,Lunch,BK,"[('Steak', 6), ('Salad', 4), ('Chicken', 1), ('Fries', 6)]",442.8,-37.8109721,144.9435883,0,9.969,15.6864131
ORDA05134,2018-09-19,16:37:10,Dinner,BK,"[('Pasta', 7), ('Salmon', 4), ('Fish&Chips', 10)]",706.5,-37.8179282,144.9745447,0,7.18,14.7368294
ORDB03128,2018-08-29,15:56:37,Lunch,TP,"[('Chicken', 7), ('Steak', 7), ('Salad', 4)]",607.8,-37.8102167,144.9612965,0,8.506,11.6584853
ORDI02541,2018-03-23,10:32:06,Breakfast,,"[('Cereal', 5), ('Pancake', 8), ('Coffee', 9)]",366.5,-37.8238423,144.9814975,0,9.367,14.2987603
ORDI01670,2018-02-26,09:51:32,Breakfast,NS,"[('Eggs', 6), ('Cereal', 2), ('Coffee', 4)]",204.0,-37.8094971,144.9722022,0,7.207,12.5441808
ORDC03392,2018-02-11,09:21:07,Breakfast,NS,"[('Coffee', 5), ('Pancake', 4), ('Cereal', 1), ('Eggs', 3)]",221.5,-37.8142357,144.9689268,0,7.794,14.4503009
ORDB05695,2018-04-23,11:43:05,Breakfast,TP,"[('Coffee', 2), ('Cereal', 3), ('Pancake', 3)]",150.75,-37.8187721,144.9535272,0,8.493,11.3991778
ORDJ04667,2018-05-12,12:13:31,Lunch,TP,"[('Salad', 7), ('Fries', 6), ('Steak', 8), ('Chicken', 2)]",616.4,-37.7990905,144.9928413,0,11.407,15.8125195
ORDI10463,2018-02-10,09:10:59,Breakfast,NS,"[('Cereal', 2), ('Pancake', 3), ('Eggs', 2)]",158.75,-37.804305,144.9717556,0,6.968,13.9626858
ORDY04718,2018-03-02,09:51:32,Breakfast,,"[('Cereal', 2), ('Coffee', 2)]",57.0,-37.8184877,144.99459,0,10.147,12.4156647
ORDY03122,2018-08-01,14:55:46,Lunch,TP,"[('Steak', 6), ('Chicken', 3), ('Burger', 1), ('Fries', 7), ('Salad', 8)]",618.6,-37.807145,144.9487854,0,9.676,13.3320659
ORDC04272,2018-07-13,14:25:21,Lunch,,"[('Salad', 4), ('Steak', 1)]",113.8,-37.8167792,145.0055926,0,,15.9322787
ORDJ00184,2018-04-12,11:22:49,Breakfast,TP,"[('Cereal', 8), ('Pancake', 10), ('Coffee', 4)]",440.5,-37.8135033,144.9617899,0,8.218,11.4725966
ORDX10394,2018-03-05,10:01:41,Breakfast,,"[('Pancake', 7), ('Coffee', 8), ('Eggs', 2), ('Cereal', 5)]",378.75,-37.7922014,144.9366421,0,,16.0188192
ORDB10032,2018-08-27,15:56:37,Lunch,TP,"[('Fries', 6), ('Chicken', 3), ('Burger', 5), ('Steak', 6), ('Salad', 7)]",713.4,-37.8172745,144.9533612,0,8.601,11.1811724
ORDJ09329,2018-05-28,12:54:05,Lunch,TP,"[('Steak', 2), ('Burger', 8), ('Chicken', 9), ('Fries', 1)]",638.0,-37.8175377,144.9497317,0,8.951,12.4248434
ORDI04943,2018-01-10,08:10:08,Breakfast,NS,"[('Pancake', 2), ('Cereal', 9), ('Eggs', 4), ('Coffee', 7)]",378.0,-37.822214,144.9499179,1,9.801,7.1235269
ORDA06496,2018-08-05,15:05:54,Lunch,BK,"[('Fries', 4), ('Salad', 3), ('Chicken', 10), ('Burger', 4), ('Steak', 8)]",903.6,-37.8132864,144.9514763,0,8.556,17.2901264
ORDJ07874,2018-06-06,13:04:13,Lunch,TP,"[('Steak', 7), ('Salad', 6), ('Fries', 6)]",490.2,-37.7998427,144.9900914,0,11.162,13.6991731
ORDC07874,2018-04-29,11:53:14,Breakfast,NS,"[('Coffee', 6), ('Cereal', 5), ('Eggs', 8)]",326.0,-37.8159505,144.9860011,0,8.874,15.6441589
ORDK00471,2018-09-02,16:06:45,Dinner,,"[('Pasta', 7), ('Shrimp', 2), ('Fish&Chips', 2)]",370.5,-37.8148219,144.9607949,0,,17.6201599
ORDA05897,2018-10-07,17:17:44,Dinner,BK,"[('Fish&Chips', 5), ('Shrimp', 9), ('Salmon', 7)]",948.0,-37.8194281,144.9611686,0,8.019,17.4046735
ORDY02065,2018-07-20,14:35:29,Lunch,TP,"[('Chicken', 4), ('Salad', 9), ('Fries', 9), ('Steak', 8), ('Burger', 5)]",905.8,-37.8180457,144.9537799,0,8.516,12.0505916
ORDI04195,2018-07-16,14:25:21,Lunch,,"[('Salad', 5), ('Fries', 10)]",206.0,-37.8142266,144.9729692,0,,13.0244941
ORDY05476,2018-10-05,17:07:36,Dinner,TP,"[('Fish&Chips', 4), ('Pasta', 5), ('Salmon', 9), ('Shrimp', 9)]",1132.5,-37.8081671,144.9558662,0,9.087,13.1024759
ORDC01128,2018-10-14,17:27:53,Dinner,NS,"[('Shrimp', 2), ('Fish&Chips', 7)]",353.0,-37.8239161,144.9836785,0,9.314,17.0591118
ORDK02373,2018-06-10,13:14:21,Lunch,BK,"[('Chicken', 2), ('Salad', 9), ('Burger', 10)]",528.8,-37.8017388,144.9574225,0,8.192,17.2091676
ORDJ00156,2018-05-08,12:13:31,Lunch,TP,"[('Burger', 4), ('Salad', 10), ('Chicken', 10), ('Fries', 1)]",628.0,-37.7983586,144.9523019,0,10.165,13.2010788
ORDX08641,2018-08-10,15:16:03,Lunch,BK,"[('Salad', 4), ('Burger', 7), ('Chicken', 2), ('Steak', 2)]",439.8,-37.8178175,144.9515525,0,9.095,15.0369981
ORDK00874,2018-11-18,18:38:52,Dinner,BK,"[('Fish&Chips', 7), ('Pasta', 3), ('Salmon', 2), ('Shrimp', 10)]",949.5,-37.8188828,145.0083558,0,4.112,13.8631712
ORDA01077,2018-03-29,10:52:23,Breakfast,BK,"[('Cereal', 9), ('Pancake', 9)]",407.25,-37.8156139,144.9662916,0,7.547,12.4242568
ORDX10052,2018-08-07,15:16:03,Lunch,BK,"[('Burger', 2), ('Steak', 3), ('Chicken', 1)]",229.0,-37.8027573,144.9468318,0,8.978,
ORDX07464,2018-12-08,19:19:26,Dinner,BK,"[('Pasta', 8), ('Salmon', 6)]",466.0,-37.8167697,144.9581959,0,8.276,
ORDY02543,2018-01-14,08:20:16,Breakfast,,"[('Pancake', 7), ('Eggs', 10)]",389.75,-37.8120741,144.9744185,1,,6.3139783
ORDA06205,2018-02-15,09:21:07,Breakfast,BK,"[('Pancake', 10), ('Coffee', 7), ('Cereal', 2)]",337.0,-37.8119411,144.9693608,0,7.146,11.534691
ORDC09731,2018-02-08,09:10:59,Breakfast,NS,"[('Coffee', 6), ('Cereal', 8)]",213.0,-37.8087783,144.9704425,0,7.169,12.0456734
ORDB00201,2018-02-16,09:31:16,Breakfast,TP,"[('Eggs', 6), ('Coffee', 7), ('Cereal', 3), ('Pancake', 1)]",271.75,-37.8099503,144.9504362,0,9.343,11.999215
ORDY08820,2018-01-29,08:50:42,Breakfast,TP,"[('Eggs', 9), ('Coffee', 10), ('Cereal', 4), ('Pancake', 9)]",575.25,-37.8254365,144.9358968,0,10.067,
ORDA02654,2018-01-19,08:30:25,Breakfast,BK,"[('Eggs', 6), ('Coffee', 1)]",139.5,-37.8235366,144.9808725,0,6.984,11.1426104
ORDB00815,2018-10-04,17:07:36,Dinner,TP,"[('Pasta', 1), ('Shrimp', 1), ('Salmon', 3), ('Fish&Chips', 5)]",379.5,-37.8148679,144.9350931,0,10.657,14.9863878
ORDC00271,2018-06-13,13:24:30,Lunch,NS,"[('Burger', 8), ('Steak', 10), ('Chicken', 10)]",1018.0,-37.8266136,144.9817239,0,9.384,14.6842141
ORDA05177,2018-12-04,19:09:17,Dinner,BK,"[('Shrimp', 3), ('Pasta', 4), ('Salmon', 6)]",518.0,-37.8056683,144.9333651,0,10.429,17.4371795
ORDI09193,2018-10-19,17:38:01,Dinner,,"[('Pasta', 5), ('Shrimp', 1), ('Fish&Chips', 7), ('Salmon', 2)]",518.5,-37.8127348,144.9771849,0,7.987,14.0945378
ORDY00665,2018-09-20,16:37:10,Dinner,TP,"[('Shrimp', 3), ('Pasta', 8), ('Salmon', 4), ('Fish&Chips', 10)]",896.0,-37.8145666,145.0143837,0,12.426,16.4595616
ORDX00768,2018-07-22,14:35:29,Lunch,BK,"[('Fries', 4), ('Burger', 2), ('Steak', 7), ('Salad', 6)]",528.2,-37.8086333,144.9475917,0,9.016,17.3682913
ORDY06611,2018-12-17,19:39:43,Dinner,TP,"[('Shrimp', 6), ('Salmon', 9), ('Fish&Chips', 8)]",973.0,-37.8078274,144.9521754,0,9.344,13.4303216
ORDB10400,2018-07-16,14:25:21,Lunch,TP,"[('Salad', 9), ('Fries', 6), ('Burger', 10)]",536.8,-37.814308,144.9431697,0,9.822,
ORDK06734,2018-07-03,14:05:04,Lunch,BK,"[('Steak', 9), ('Burger', 8), ('Salad', 10), ('Fries', 4), ('Chicken', 10)]",1193.0,-37.8196813,144.9810997,0,6.595,
ORDY03486,2018-08-24,15:46:28,Lunch,TP,"[('Burger', 8), ('Steak', 9), ('Fries', 1)]",665.0,-37.8154462,144.9356472,0,10.563,14.295627
ORDC10382,2018-07-05,14:05:04,Lunch,NS,"[('Salad', 1), ('Burger', 9), ('Steak', 5), ('Fries', 10), ('Chicken', 10)]",961.2,-37.8235601,144.9356707,0,10.856,16.5019258
ORDC06538,2018-03-29,10:52:23,Breakfast,NS,"[('Coffee', 2), ('Cereal', 1), ('Pancake', 4)]",133.0,-37.8117922,144.9989378,0,9.487,14.2246255
ORDZ02302,2018-05-20,12:33:48,Lunch,NS,"[('Steak', 9), ('Chicken', 2), ('Fries', 9)]",577.0,-37.8100447,144.995853,0,9.059,16.4294826
ORDC08488,2018-11-28,18:59:09,Dinner,NS,"[('Pasta', 2), ('Fish&Chips', 8)]",335.0,-37.8211073,144.9654739,0,8.887,14.412715
ORDJ06305,2018-06-25,13:44:47,Lunch,TP,"[('Salad', 10), ('Steak', 9), ('Fries', 10), ('Chicken', 7), ('Burger', 10)]",1231.0,-37.8241714,144.9837984,0,8.965,12.200886
ORDK03126,2018-11-21,18:49:00,Dinner,,"[('Salmon', 8), ('Shrimp', 8), ('Fish&Chips', 1)]",795.0,-37.8210155,144.9490014,0,9.224,16.6000731
ORDJ08057,2018-04-01,10:52:23,Breakfast,TP,"[('Cereal', 10), ('Eggs', 7), ('Coffee', 3), ('Pancake', 10)]",629.0,-37.8176406,144.9702186,0,7.874,12.6358362
ORDX00431,2018-09-15,16:27:02,Dinner,BK,"[('Salmon', 4), ('Fish&Chips', 5)]",339.0,-37.8148234,144.9545676,0,8.465,18.3838058
ORDA05322,2018-07-03,14:05:04,Lunch,BK,"[('Salad', 5), ('Steak', 3), ('Fries', 8), ('Chicken', 10)]",637.0,-37.81264,144.9651106,0,7.483,13.6176888
ORDJ05874,2018-12-31,20:00:00,Dinner,TP,"[('Fish&Chips', 6), ('Shrimp', 7)]",588.0,-37.8010486,145.0043017,0,12.205,15.9775136
ORDI10124,2018-06-29,13:54:55,Lunch,NS,"[('Chicken', 1), ('Salad', 4), ('Fries', 7)]",184.8,-37.8052814,144.9506528,0,8.369,13.9438341
ORDY01093,2018-12-08,19:19:26,Dinner,TP,"[('Fish&Chips', 5), ('Salmon', 1), ('Shrimp', 3)]",378.0,-37.805337,144.950642,0,9.658,15.4909545
ORDC09028,2018-11-11,18:28:43,Dinner,NS,"[('Fish&Chips', 8), ('Pasta', 3), ('Salmon', 3)]",485.5,-37.8180912,144.9468787,0,9.505,17.5150948
ORDZ06444,2018-01-12,08:20:16,Breakfast,NS,"[('Eggs', 4), ('Cereal', 6), ('Pancake', 8), ('Coffee', 8)]",468.0,-37.8073317,144.9574524,1,8.085,
ORDY06043,2018-09-11,16:27:02,Dinner,TP,"[('Fish&Chips', 4), ('Pasta', 1), ('Salmon', 2), ('Shrimp', 6)]",573.5,-37.8080863,144.9689169,0,9.104,13.5128444
ORDI10667,2018-07-07,14:05:04,Lunch,NS,"[('Fries', 2), ('Steak', 9), ('Chicken', 1), ('Salad', 5), ('Burger', 4)]",671.0,-37.8144218,144.9876715,0,8.839,16.4661001
ORDZ08364,2018-06-28,13:54:55,Lunch,NS,"[('Fries', 1), ('Burger', 8)]",260.0,-37.8150423,144.9833949,0,8.546,13.8016057
ORDC08976,2018-08-15,15:26:11,Lunch,,"[('Fries', 4), ('Salad', 5)]",134.0,-37.8084748,144.9786563,0,,13.4766113
ORDI09281,2018-10-15,17:27:53,Dinner,NS,"[('Pasta', 5), ('Salmon', 5), ('Fish&Chips', 5)]",517.5,-37.8095988,144.9755558,0,7.465,13.5034051
ORDK08630,2018-01-27,08:50:42,Breakfast,BK,"[('Cereal', 7), ('Coffee', 7), ('Eggs', 4)]",287.5,-37.8095847,144.9639966,0,7.372,14.7334868
ORDB05355,2018-09-25,16:47:19,Dinner,,"[('Fish&Chips', 6), ('Shrimp', 5), ('Pasta', 1), ('Salmon', 6)]",753.5,-37.832819,144.9905243,0,,13.7579183
ORDI10537,2018-06-27,13:44:47,Lunch,NS,"[('Fries', 2), ('Steak', 2), ('Chicken', 2)]",178.0,-37.8023344,144.9706342,0,6.42,11.6943625
ORDC04795,2018-06-22,13:44:47,Lunch,,"[('Steak', 3), ('Chicken', 9), ('Salad', 2)]",457.4,-37.8173142,144.9462462,0,,14.9742647
ORDY10789,2018-07-03,14:05:04,Lunch,TP,"[('Chicken', 1), ('Burger', 4)]",156.0,-37.8095947,144.9636776,0,8.65,11.6049013
ORDC07385,2018-12-20,19:39:43,Dinner,NS,"[('Shrimp', 10), ('Fish&Chips', 1)]",575.0,-37.8172239,144.9340654,0,10.293,16.4228806
ORDI08540,2018-02-10,09:10:59,Breakfast,NS,"[('Coffee', 2), ('Cereal', 10), ('Pancake', 2)]",273.5,-37.8089518,144.9661747,0,7.201,13.6561376
ORDK02053,2018-10-21,17:38:01,Dinner,BK,"[('Shrimp', 1), ('Salmon', 7), ('Fish&Chips', 5), ('Pasta', 6)]",681.0,-37.8072243,144.9924968,0,5.109,13.8631851
ORDJ08968,2018-03-11,10:11:49,Breakfast,TP,"[('Eggs', 5), ('Pancake', 5)]",231.25,-37.8045134,144.9631748,0,9.244,13.0560853
ORDY08591,2018-08-31,15:56:37,Lunch,TP,"[('Salad', 5), ('Fries', 10), ('Burger', 10), ('Chicken', 8), ('Steak', 3)]",907.0,-37.8011317,144.9628861,0,9.72,
ORDJ09420,2018-10-27,17:58:18,Dinner,TP,"[('Shrimp', 6), ('Salmon', 4), ('Fish&Chips', 10)]",838.0,-37.8173128,144.9641189,0,7.688,14.0058016
ORDZ09676,2018-07-01,13:54:55,Lunch,NS,"[('Chicken', 2), ('Salad', 1), ('Steak', 3), ('Burger', 4)]",340.2,-37.8134589,144.9657287,0,7.838,14.8710922
ORDK10829,2018-04-10,11:12:40,Breakfast,BK,"[('Eggs', 9), ('Pancake', 8), ('Coffee', 3), ('Cereal', 4)]",498.5,-37.8006529,144.9703117,0,7.485,
ORDA03860,2018-03-30,10:52:23,Breakfast,BK,"[('Eggs', 4), ('Cereal', 4), ('Pancake', 7), ('Coffee', 7)]",394.25,-37.8102462,144.9613499,0,7.619,12.3952436
ORDI00913,2018-04-08,11:12:40,Breakfast,NS,"[('Pancake', 8), ('Eggs', 7)]",348.0,-37.8006096,144.9702257,0,6.071,12.7898085
ORDA02510,2018-09-18,16:37:10,Dinner,BK,"[('Pasta', 2), ('Salmon', 9), ('Fish&Chips', 6)]",634.0,-37.8065571,144.9579459,0,8.24,15.4854867
ORDZ09319,2018-11-20,18:38:52,Dinner,NS,"[('Fish&Chips', 7), ('Shrimp', 10)]",785.0,-37.8188828,144.9525659,0,9.216,15.449706
ORDB10116,2018-01-30,08:50:42,Breakfast,TP,"[('Coffee', 9), ('Cereal', 4), ('Pancake', 10)]",394.0,-37.8057117,144.9772225,0,9.574,
ORDX08130,2018-05-09,12:13:31,Lunch,,"[('Fries', 8), ('Steak', 10), ('Salad', 10)]",718.0,-37.799374,144.9642458,0,,13.8607467
ORDK00580,2018-07-05,14:05:04,Lunch,BK,"[('Chicken', 7), ('Fries', 3), ('Salad', 3)]",311.6,-37.8046728,144.9365014,0,9.939,16.1800214
ORDJ01645,2018-01-25,08:40:33,Breakfast,TP,"[('Coffee', 2), ('Pancake', 4), ('Eggs', 6)]",244.0,-37.8233572,144.9891071,0,9.318,12.1373984
ORDA07608,2018-02-08,09:10:59,Breakfast,BK,"[('Pancake', 9), ('Eggs', 3)]",284.25,-37.8016092,144.9584589,0,8.137,12.6465091
ORDZ05016,2018-04-23,11:43:05,Breakfast,NS,"[('Cereal', 9), ('Pancake', 7)]",358.75,-37.8174188,144.9688707,0,8.701,13.8936281
ORDK04891,2018-06-11,13:14:21,Lunch,BK,"[('Steak', 9), ('Fries', 10), ('Salad', 5), ('Chicken', 9), ('Burger', 2)]",961.0,-37.8244583,144.9466767,0,9.616,15.6084853
ORDX02305,2018-11-16,18:38:52,Dinner,BK,"[('Pasta', 3), ('Shrimp', 1), ('Salmon', 4), ('Fish&Chips', 5)]",475.5,-37.8149764,145.008444,0,3.858,10.2383534
ORDA10100,2018-04-10,11:12:40,Breakfast,BK,"[('Cereal', 10), ('Eggs', 1), ('Coffee', 9), ('Pancake', 9)]",517.75,-37.8051354,144.9722353,0,6.948,
ORDI06766,2018-01-05,08:00:00,Breakfast,NS,"[('Cereal', 5), ('Eggs', 10)]",325.0,-37.8036975,145.0091654,1,9.967,7.2391134
ORDY07074,2018-02-19,09:31:16,Breakfast,TP,"[('Coffee', 7), ('Pancake', 5)]",173.75,-37.8065742,144.9456498,0,9.955,12.5526475
ORDC00844,2018-11-06,18:18:35,Dinner,NS,"[('Salmon', 6), ('Fish&Chips', 5)]",421.0,-37.8069813,144.9599282,0,7.624,14.0452807
ORDC04780,2018-09-10,16:16:54,Dinner,NS,"[('Shrimp', 4), ('Salmon', 8), ('Pasta', 8)]",764.0,-37.8066361,144.9864862,0,7.951,
ORDC04392,2018-11-21,18:38:52,Dinner,,"[('Shrimp', 2), ('Pasta', 6), ('Fish&Chips', 6), ('Salmon', 5)]",688.0,-37.8134576,144.9354636,0,10.176,16.3645172
ORDJ02767,2018-11-11,18:28:43,Dinner,TP,"[('Pasta', 3), ('Salmon', 5)]",287.5,-37.8104105,144.9807454,0,9.342,15.2884545
ORDX09799,2018-09-02,16:06:45,Dinner,BK,"[('Fish&Chips', 4), ('Pasta', 5), ('Shrimp', 8), ('Salmon', 6)]",955.5,-37.8148419,144.9607171,0,7.956,17.1174298
ORDJ10015,2018-05-24,12:43:56,Lunch,TP,"[('Salad', 9), ('Steak', 8), ('Chicken', 4), ('Fries', 4)]",690.8,-37.8224994,144.9793968,0,8.454,11.9693441
ORDB06485,2018-09-12,16:27:02,Dinner,TP,"[('Salmon', 10), ('Shrimp', 3)]",572.0,-37.82263,144.9641712,0,7.517,11.8585986
ORDI00663,2018-03-16,10:21:58,Breakfast,NS,"[('Coffee', 4), ('Pancake', 8), ('Eggs', 3)]",290.0,-37.8065238,144.9416147,0,9.437,14.6057905
ORDX05736,2018-10-18,17:38:01,Dinner,,"[('Pasta', 9), ('Salmon', 1), ('Shrimp', 5)]",558.5,-37.8011258,144.9514057,0,8.692,15.7489981
ORDZ03270,2018-12-28,20:00:00,Dinner,NS,"[('Salmon', 4), ('Fish&Chips', 1), ('Shrimp', 1), ('Pasta', 4)]",363.0,-37.8207817,144.9554734,0,9.368,15.5266106
ORDA03379,2018-03-28,10:52:23,Breakfast,BK,"[('Pancake', 5), ('Cereal', 9), ('Eggs', 7)]",464.25,-37.824345,144.9885233,0,6.403,11.3559719
ORDZ02994,2018-01-14,08:20:16,Breakfast,NS,"[('Coffee', 9), ('Eggs', 9), ('Cereal', 7), ('Pancake', 7)]",582.25,-37.8074307,144.9340125,1,10.305,8.9357334
ORDK00428,2018-02-14,09:21:07,Breakfast,BK,"[('Pancake', 9), ('Coffee', 1), ('Cereal', 5)]",330.75,-37.8262921,144.9860162,0,7.415,12.3172751
ORDK02011,2018-02-12,09:21:07,Breakfast,BK,"[('Cereal', 3), ('Pancake', 10)]",305.5,-37.8130107,144.9711542,0,7.033,11.9106327
ORDX08595,2018-02-24,09:41:24,Breakfast,BK,"[('Eggs', 1), ('Cereal', 1)]",43.0,-37.8115895,145.0063903,0,3.613,10.0322139
ORDI00494,2018-01-11,08:20:16,Breakfast,,"[('Pancake', 3), ('Coffee', 7)]",125.25,-37.8163755,144.9845817,1,,7.0040956
ORDC01338,2018-03-02,10:01:41,Breakfast,,"[('Eggs', 7), ('Coffee', 3), ('Cereal', 7)]",323.5,-37.8186858,144.9903755,0,9.405,14.5955559
ORDX01817,2018-12-05,19:09:17,Dinner,,"[('Shrimp', 8), ('Salmon', 5), ('Fish&Chips', 1), ('Pasta', 4)]",782.0,-37.8189749,144.9549254,0,,16.0906742
ORDX00621,2018-03-12,10:11:49,Breakfast,BK,"[('Pancake', 4), ('Coffee', 8)]",157.0,-37.8246201,144.9797378,0,7.329,12.8278054
ORDX00342,2018-06-16,13:24:30,Lunch,BK,"[('Burger', 10), ('Chicken', 4), ('Salad', 4), ('Steak', 1)]",551.8,-37.8002993,144.9438816,0,9.369,17.7414954
ORDC07143,2018-07-07,14:15:12,Lunch,NS,"[('Burger', 1), ('Fries', 1), ('Chicken', 2)]",107.0,-37.8251753,144.9569422,0,9.713,17.6973162
ORDA02193,2018-12-23,19:49:51,Dinner,BK,"[('Fish&Chips', 6), ('Shrimp', 9), ('Pasta', 3), ('Salmon', 6)]",1024.5,-37.8176132,144.9591096,0,8.226,17.6551157
ORDZ02040,2018-12-17,19:39:43,Dinner,NS,"[('Salmon', 1), ('Fish&Chips', 10)]",391.0,-37.8216558,144.9350325,0,10.611,
ORDB09841,2018-09-19,16:37:10,Dinner,TP,"[('Fish&Chips', 1), ('Salmon', 10), ('Pasta', 10), ('Shrimp', 2)]",828.0,-37.8223915,144.9525534,0,8.504,
ORDA03571,2018-01-14,08:20:16,Breakfast,BK,"[('Eggs', 3), ('Pancake', 1)]",90.25,-37.8030878,144.9495381,1,8.735,7.5609277
ORDC00688,2018-05-07,12:03:22,Lunch,NS,"[('Steak', 3), ('Burger', 3)]",228.0,-37.8067888,144.954574,0,8.175,13.5125849
ORDY03611,2018-11-06,18:18:35,Dinner,TP,"[('Fish&Chips', 7), ('Salmon', 10)]",655.0,-37.8069813,144.9599282,0,8.882,13.061569
ORDC05414,2018-04-13,11:22:49,Breakfast,NS,"[('Pancake', 9), ('Coffee', 1), ('Cereal', 10)]",435.75,-37.8195302,144.9637571,0,8.788,13.9499793
ORDZ10387,2018-04-15,11:22:49,Breakfast,NS,"[('Coffee', 1), ('Cereal', 7), ('Pancake', 5)]",275.75,-37.8047336,144.9450941,0,8.849,16.0814154
ORDA08976,2018-03-13,10:21:58,Breakfast,BK,"[('Coffee', 8), ('Eggs', 4), ('Pancake', 7)]",317.75,-37.8201228,144.9684375,0,7.7,12.8920175
ORDZ06526,2018-05-28,12:54:05,Lunch,NS,"[('Salad', 8), ('Burger', 3), ('Fries', 4), ('Chicken', 4)]",406.6,-37.8175377,144.9497317,0,9.291,14.6677546
ORDC05215,2018-07-22,14:35:29,Lunch,NS,"[('Salad', 7), ('Burger', 7), ('Fries', 3), ('Steak', 9)]",778.4,-37.8086175,144.9482068,0,8.777,16.2748533
ORDI05262,2018-06-23,13:44:47,Lunch,NS,"[('Chicken', 10), ('Burger', 8)]",568.0,-37.8184142,144.9739181,0,8.362,15.5347235
ORDI08616,2018-02-26,09:51:32,Breakfast,NS,"[('Eggs', 3), ('Coffee', 4)]",96.0,-37.8148204,144.9592124,0,5.692,10.6585697
ORDJ05065,2018-09-15,16:27:02,Dinner,TP,"[('Salmon', 3), ('Pasta', 8), ('Shrimp', 6)]",667.0,-37.8153039,144.9748912,0,8.438,14.4774734
ORDC05802,2018-03-04,10:01:41,Breakfast,NS,"[('Coffee', 5), ('Cereal', 2), ('Eggs', 10)]",299.5,-37.8131224,145.0139936,0,10.862,18.0479262
ORDZ07655,2018-07-05,14:05:04,Lunch,NS,"[('Steak', 5), ('Burger', 7), ('Fries', 3), ('Salad', 3)]",529.6,-37.7992426,144.9625463,0,6.91,11.8936312
ORDA02037,2018-08-02,15:05:54,Lunch,BK,"[('Steak', 8), ('Burger', 9), ('Chicken', 7)]",863.0,-37.8118431,144.9861062,0,5.535,11.0186216
ORDX04515,2018-03-18,10:32:06,Breakfast,BK,"[('Cereal', 9), ('Eggs', 1)]",211.0,-37.8094676,144.9723439,0,6.713,14.3157163
ORDB05646,2018-04-15,11:22:49,Breakfast,TP,"[('Cereal', 2), ('Coffee', 3)]",64.5,-37.8113498,144.9760252,0,8.978,13.0144118
ORDJ09155,2018-12-03,19:09:17,Dinner,TP,"[('Shrimp', 6), ('Pasta', 8), ('Salmon', 10), ('Fish&Chips', 5)]",1129.0,-37.8168021,144.9616241,0,8.0,12.0219749
ORDI08514,2018-12-25,19:49:51,Dinner,NS,"[('Shrimp', 3), ('Salmon', 9)]",531.0,-37.8251297,144.9567189,0,9.742,15.2760266
ORDI04081,2018-04-01,10:52:23,Breakfast,,"[('Coffee', 7), ('Cereal', 6)]",178.5,-37.8160628,144.9529516,0,8.832,15.3494461
ORDB07027,2018-07-20,14:35:29,Lunch,,"[('Fries', 1), ('Chicken', 3), ('Salad', 10), ('Burger', 2), ('Steak', 7)]",657.0,-37.8077923,144.9545028,0,9.138,12.1701947
ORDK05208,2018-02-11,09:21:07,Breakfast,BK,"[('Pancake', 4), ('Eggs', 7), ('Cereal', 7)]",398.0,-37.8137283,144.9686925,0,7.268,14.6022257
ORDB04969,2018-06-02,13:04:13,Lunch,TP,"[('Steak', 2), ('Burger', 10), ('Chicken', 3), ('Salad', 10)]",668.0,-37.8179,144.9663648,0,7.633,12.3287086
ORDJ10186,2018-10-22,17:48:10,Dinner,TP,"[('Salmon', 6), ('Fish&Chips', 7), ('Shrimp', 1), ('Pasta', 10)]",820.0,-37.8221711,144.9634245,0,7.474,12.1951115
ORDX01034,2018-11-17,18:38:52,Dinner,,"[('Shrimp', 4), ('Fish&Chips', 9), ('Salmon', 6), ('Pasta', 6)]",942.0,-37.817416,144.9877522,0,5.889,15.4725412
ORDZ09329,2018-01-30,08:50:42,Breakfast,NS,"[('Cereal', 7), ('Pancake', 5)]",268.25,-37.8195293,145.0083321,0,10.871,16.1138639
ORDA09110,2018-03-06,10:01:41,Breakfast,BK,"[('Eggs', 2), ('Pancake', 9), ('Coffee', 1)]",269.75,-37.8131147,144.9514063,0,8.558,
ORDI03575,2018-03-18,10:32:06,Breakfast,NS,"[('Cereal', 4), ('Pancake', 7)]",253.75,-37.8072116,144.950856,0,8.487,15.595066
ORDI08681,2018-03-06,10:01:41,Breakfast,NS,"[('Coffee', 7), ('Eggs', 6), ('Pancake', 6), ('Cereal', 6)]",456.0,-37.8102467,144.9764261,0,7.787,12.8302226
ORDZ02378,2018-04-28,11:53:14,Breakfast,,"[('Cereal', 7), ('Coffee', 6)]",192.0,-37.8230196,144.9686669,0,,15.6859757
ORDA04581,2018-02-18,09:31:16,Breakfast,,"[('Eggs', 5), ('Cereal', 1), ('Coffee', 1), ('Pancake', 9)]",356.75,-37.8074441,144.9578204,0,,15.0377306
ORDK06864,2018-12-20,19:39:43,Dinner,,"[('Shrimp', 6), ('Salmon', 10), ('Fish&Chips', 4), ('Pasta', 5)]",1011.5,-37.8141328,144.9596799,0,,14.2925296
ORDJ07409,2018-01-01,08:00:00,Breakfast,TP,"[('Coffee', 1), ('Cereal', 3), ('Pancake', 10)]",313.0,-37.7992717,144.9772228,1,10.242,
ORDJ04657,2018-06-12,13:24:30,Lunch,TP,"[('Burger', 3), ('Chicken', 7), ('Salad', 9)]",471.8,-37.8054576,145.0004183,0,11.517,14.3833094
ORDZ02499,2018-08-21,15:36:20,Lunch,NS,"[('Chicken', 6), ('Steak', 8), ('Fries', 9), ('Burger', 3)]",753.0,-37.8112963,144.9440215,0,10.073,15.3429909
ORDA03722,2018-10-11,17:17:44,Dinner,BK,"[('Pasta', 10), ('Fish&Chips', 6), ('Salmon', 8), ('Shrimp', 6)]",1137.0,-37.8230011,144.9708771,0,7.892,14.6043732
ORDB02654,2018-07-16,14:25:21,Lunch,,"[('Burger', 6), ('Salad', 2)]",220.4,-37.8005312,145.0138431,0,13.042,15.4723212
ORDA01751,2018-08-08,15:16:03,Lunch,BK,"[('Chicken', 6), ('Steak', 2)]",282.0,-37.8027007,144.9650326,0,7.637,13.4931469
ORDA11054,2018-11-13,18:28:43,Dinner,,"[('Pasta', 6), ('Fish&Chips', 8)]",445.0,-37.7987169,144.9673523,0,7.926,14.7786632
ORDI01321,2018-05-23,12:43:56,Lunch,NS,"[('Burger', 1), ('Chicken', 8), ('Salad', 4), ('Fries', 10)]",475.8,-37.814464,144.9854415,0,8.67,14.1930384
ORDA09056,2018-06-27,13:44:47,Lunch,BK,"[('Salad', 5), ('Burger', 8), ('Fries', 8)]",430.0,-37.8232695,144.9783224,0,7.181,13.2771209
ORDI02903,2018-05-20,12:33:48,Lunch,NS,"[('Burger', 9), ('Steak', 2), ('Chicken', 6), ('Fries', 1), ('Salad', 4)]",641.8,-37.801128,144.9551153,0,7.651,15.4263895
ORDB10007,2018-07-21,14:35:29,Lunch,TP,"[('Chicken', 9), ('Fries', 2)]",312.0,-37.8123412,144.9734482,0,8.736,13.1543896
ORDJ08454,2018-09-12,16:27:02,Dinner,TP,"[('Fish&Chips', 4), ('Shrimp', 9), ('Pasta', 1)]",653.5,-37.804452,144.9262237,0,11.569,15.2070973
ORDZ09513,2018-04-14,11:22:49,Breakfast,NS,"[('Eggs', 10), ('Cereal', 2)]",262.0,-37.8035245,144.953434,0,7.977,15.0224556
ORDK03396,2018-10-07,17:17:44,Dinner,BK,"[('Pasta', 3), ('Salmon', 10)]",492.5,-37.8225724,144.9609827,0,8.353,18.2490098
ORDX08545,2018-03-02,09:51:32,Breakfast,BK,"[('Cereal', 2), ('Eggs', 3), ('Coffee', 8)]",168.0,-37.8158261,144.9503901,0,9.605,14.5830853
ORDC00909,2018-02-26,09:51:32,Breakfast,NS,"[('Eggs', 10), ('Cereal', 7)]",367.0,-37.8154491,144.9960795,0,9.594,14.7610888
ORDK03487,2018-11-20,18:38:52,Dinner,BK,"[('Salmon', 8), ('Fish&Chips', 1), ('Shrimp', 3), ('Pasta', 2)]",580.0,-37.8197918,145.0149028,0,4.378,10.8699739
ORDY08876,2018-01-03,08:00:00,Breakfast,TP,"[('Coffee', 4), ('Eggs', 8), ('Pancake', 8)]",400.0,-37.7998201,145.0147972,1,13.515,7.723273
ORDY07228,2018-01-08,08:10:08,Breakfast,TP,"[('Coffee', 3), ('Pancake', 3), ('Cereal', 10), ('Eggs', 1)]",327.25,-37.8160828,144.9389907,1,10.294,6.3315034
ORDK04731,2018-11-06,18:18:35,Dinner,BK,"[('Salmon', 10), ('Fish&Chips', 6), ('Shrimp', 9)]",1106.0,-37.8073957,144.9709222,0,6.739,13.4808322
ORDB02338,2018-01-04,08:00:00,Breakfast,TP,"[('Pancake', 10), ('Cereal', 10)]",452.5,-37.8027958,144.9364287,1,10.9,6.9532857
ORDZ06480,2018-03-23,10:42:15,Breakfast,NS,"[('Eggs', 2), ('Coffee', 9), ('Pancake', 3)]",184.25,-37.8154839,144.9282243,0,10.668,15.9287182
ORDI01197,2018-05-03,12:03:22,Lunch,NS,"[('Steak', 5), ('Salad', 9), ('Burger', 7)]",596.8,-37.8009482,144.9887123,0,7.883,13.2638524
ORDZ04468,2018-03-11,10:11:49,Breakfast,NS,"[('Pancake', 9), ('Eggs', 6), ('Cereal', 3)]",413.25,-37.802562,144.9637171,0,6.902,14.2164655
ORDZ07435,2018-06-08,13:14:21,Lunch,,"[('Burger', 3), ('Fries', 10), ('Steak', 3), ('Chicken', 3), ('Salad', 10)]",616.0,-37.8047977,144.9488389,0,,13.9427646
ORDC09197,2018-10-08,17:17:44,Dinner,NS,"[('Salmon', 4), ('Pasta', 5), ('Shrimp', 6), ('Fish&Chips', 5)]",800.5,-37.8116841,144.956303,0,8.122,14.388261
ORDC10400,2018-04-05,11:02:32,Breakfast,NS,"[('Cereal', 1), ('Pancake', 1)]",45.25,-37.8223226,144.9334506,0,10.854,16.1802103
ORDK04894,2018-04-17,11:32:57,Breakfast,BK,"[('Eggs', 10), ('Cereal', 5), ('Coffee', 1), ('Pancake', 4)]",429.5,-37.8135314,144.9740685,0,6.823,11.6471169
ORDZ09210,2018-04-27,11:43:05,Breakfast,NS,"[('Eggs', 7), ('Pancake', 1)]",178.25,-37.8134714,144.965322,0,7.859,12.5295362
ORDY06630,2018-12-30,20:00:00,Dinner,TP,"[('Fish&Chips', 2), ('Shrimp', 6)]",394.0,-37.8154849,144.9377978,0,10.394,16.0317457
ORDK05906,2018-09-10,16:16:54,Dinner,BK,"[('Pasta', 4), ('Shrimp', 6)]",434.0,-37.800352,144.9891425,0,6.051,
ORDI06900,2018-04-13,11:22:49,Breakfast,,"[('Eggs', 6), ('Coffee', 5), ('Cereal', 9), ('Pancake', 4)]",455.5,-37.8259354,145.0071481,0,,16.2979026
ORDZ10456,2018-09-16,16:37:10,Dinner,NS,"[('Shrimp', 10), ('Salmon', 4), ('Pasta', 9), ('Fish&Chips', 5)]",1126.5,-37.8041379,144.983392,0,7.513,15.6254003
ORDB10191,2018-05-23,12:43:56,Lunch,TP,"[('Fries', 3), ('Burger', 1), ('Steak', 7), ('Chicken', 8)]",638.0,-37.8140453,144.9900188,0,10.033,13.39515
ORDJ06590,2018-04-02,11:02:32,Breakfast,TP,"[('Pancake', 7), ('Coffee', 4), ('Cereal', 10), ('Eggs', 5)]",519.75,-37.8132252,144.959461,0,8.464,11.065088
